,ProductName,Platform,SellerName,SuperCategory,SubCategory,Last 30Day GMV,rankOverall,rankPP,rankDP,rankBijExp,rankSeller,variantid,App_Image,App_Deeplink,Price_Range,IsBijnisExpress,Avg_Price,VariantSize,Color
3448,COMBIT 1879,Distribution,K. V. FOOTWEAR,Footwear,PVC MOULDED SCHOOL SHOES,20735.0,143.0,,99.0,,6.0,1882405,https://bijnis.s3.amazonaws.com/PRODUCTION/uploads/1490485863/uploadfile_1-f87090d3-23b3-490a-a76c-cc9eba39404f.jpeg,https://bijnis.app.link/zDl4n0c8NJb,159 - 175,No,166.92," 2, 3,1",Black
3449,COMBIT 1880,Distribution,K. V. FOOTWEAR,Footwear,PVC MOULDED SCHOOL SHOES,26374.0,113.0,,74.0,,1.0,1882411,https://bijnis.s3.amazonaws.com/PRODUCTION/uploads/1490485863/uploadfile_2-695a9bbb-3267-420e-a64b-7a21d79d8594.jpeg,https://bijnis.app.link/TYRXUC66NJb,173 - 191,No,181.73," 5, 6,4",Black
3450,COMBIT 1881,Distribution,K. V. FOOTWEAR,Footwear,PVC MOULDED SCHOOL SHOES,12632.0,237.0,,181.0,,19.0,1882414,https://bijnis.s3.amazonaws.com/PRODUCTION/uploads/1490485863/uploadfile_1-5a8ab1aa-8d8b-49c8-b82f-f873b6f97464.jpeg,https://bijnis.app.link/drGFs10ZNJb,141 - 155,No,148.07," 10, 9,10,8",Black
3451,COMBIT 1882,Distribution,K. V. FOOTWEAR,Footwear,PVC MOULDED SCHOOL SHOES,22622.0,131.0,,90.0,,4.0,1882420,https://bijnis.s3.amazonaws.com/PRODUCTION/uploads/1490485863/uploadfile_1-00929ad6-117c-4035-9738-72ef9ac892a7.jpeg,https://bijnis.app.link/zfpdKK15NJb,150 - 165,No,157.5," 12, 13,11,12",Black
3452,COMBIT 1883,Distribution,K. V. FOOTWEAR,Footwear,PVC MOULDED SCHOOL SHOES,508.0,737.0,,664.0,,144.0,1882422,https://bijnis.s3.amazonaws.com/PRODUCTION/uploads/1490485863/uploadfile_2-55f59a3b-397a-4d34-94c6-2f9fd2855838.jpeg,https://bijnis.app.link/PefyHoQ0NJb,132 - 146,No,138.65," 7,6,7",Black
3453,COMBIT 1884,Distribution,K. V. FOOTWEAR,Footwear,PVC MOULDED SCHOOL SHOES,16856.0,170.0,,125.0,,9.0,1882426,https://bijnis.s3.amazonaws.com/PRODUCTION/uploads/1490485863/uploadfile_2-2396988c-1ce6-469a-acf9-cec7c5aad741.jpeg,https://bijnis.app.link/nUQXlW3ZNJb,217 - 240,No,228.84," 10, 8, 9,7",Black
3454,COMBIT 1886,Distribution,K. V. FOOTWEAR,Footwear,PVC MOULDED SCHOOL SHOES,19802.0,149.0,,105.0,,7.0,1882436,https://bijnis.s3.amazonaws.com/PRODUCTION/uploads/1490485863/uploadfile_1-1df23f93-ac87-4bc5-ae89-24f82ff9f4a7.jpeg,https://bijnis.app.link/31yLLkOYNJb,206 - 228,No,216.73," 5, 6,4",White
3455,COMBIT 1887,Distribution,K. V. FOOTWEAR,Footwear,PVC MOULDED SCHOOL SHOES,6772.0,344.0,,282.0,,44.0,1882440,https://bijnis.s3.amazonaws.com/PRODUCTION/uploads/1490485863/uploadfile_1-a2366415-639e-4445-85cd-4805ae78099c.jpeg,https://bijnis.app.link/nU49DphZNJb,166 - 184,No,175.0," 10, 9,10,8","Brown,White"
3456,COMBIT 1888,Distribution,K. V. FOOTWEAR,Footwear,PVC MOULDED SCHOOL SHOES,11683.0,251.0,,193.0,,23.0,1882444,https://bijnis.s3.amazonaws.com/PRODUCTION/uploads/1490485863/uploadfile_1-2d5d202f-463f-4a02-b08b-e9ea8fd8a2d0.jpeg,https://bijnis.app.link/hXBm0414NJb,183 - 202,No,192.5," 12, 13,11,12,13",White
3457,COMBIT 1889,Distribution,K. V. FOOTWEAR,Footwear,PVC MOULDED SCHOOL SHOES,1908.0,600.0,,529.0,,93.0,1882450,https://bijnis.s3.amazonaws.com/PRODUCTION/uploads/1490485863/uploadfile_1-a4a5ca97-02b7-4682-9413-e7aac0574137.jpeg,https://bijnis.app.link/eTBo7UN9NJb,157 - 174,No,165.57,,White
3458,COMBIT 1891,Distribution,K. V. FOOTWEAR,Footwear,PVC MOULDED SCHOOL SHOES,13220.0,221.0,,167.0,,15.0,1882463,https://bijnis.s3.amazonaws.com/PRODUCTION/uploads/1490485863/uploadfile_2-25d68a39-97fd-4c4e-afa1-9e955d06c2a0.jpeg,https://bijnis.app.link/DeS9x1r4NJb,187 - 206,No,196.53," 3, 4, 5,2,4,5","White,Black"
3459,COMBIT 1892,Distribution,K. V. FOOTWEAR,Footwear,PVC MOULDED SCHOOL SHOES,6188.0,361.0,,299.0,,48.0,1882467,https://bijnis.s3.amazonaws.com/PRODUCTION/uploads/1490485863/uploadfile_2-7b38cdc6-7365-4492-a100-742a9706525d.jpeg,https://bijnis.app.link/sanAJXBaBKb,207 - 229,No,218.07," 10, 7, 8, 9,6","White,Black"
3460,COMBIT 1893,Distribution,K. V. FOOTWEAR,Footwear,PVC MOULDED SCHOOL SHOES,9817.0,277.0,,218.0,,30.0,1882477,https://bijnis.s3.amazonaws.com/PRODUCTION/uploads/1490485863/uploadfile_1-6f3166ff-61f7-4a25-819c-123d9803b54e.jpeg,https://bijnis.app.link/gykxIMw0NJb,166 - 184,No,175.0," 10, 11, 12, 13, 9,1,9","Black,White"
3461,COMBIT 1896,Distribution,K. V. FOOTWEAR,Footwear,PVC MOULDED SCHOOL SHOES,11696.0,249.0,,191.0,,22.0,1882500,https://bijnis.s3.amazonaws.com/PRODUCTION/uploads/1490485863/uploadfile_1-23bf4415-3bfe-4a7c-a828-aeab36a595c7.jpeg,https://bijnis.app.link/Ll0RScs5NJb,173 - 191,No,181.73," 5, 6,4",Black
3462,COMBIT 1897,Distribution,K. V. FOOTWEAR,Footwear,PVC MOULDED SCHOOL SHOES,12003.0,245.0,,187.0,,21.0,1882501,https://bijnis.s3.amazonaws.com/PRODUCTION/uploads/1490485863/uploadfile_1-1a84e939-3f28-4f75-8cab-c604f691e1d8.jpeg,https://bijnis.app.link/XyuouDQ0NJb,141 - 155,No,148.07," 10, 9,10,8,9",Black
3463,COMBIT 1900,Distribution,K. V. FOOTWEAR,Footwear,PVC MOULDED SCHOOL SHOES,1428.0,654.0,,582.0,,118.0,1882514,https://bijnis.s3.amazonaws.com/PRODUCTION/uploads/1490485863/uploadfile_1-15c79a5c-b477-4b01-9235-52e88350f9d1.jpeg,https://bijnis.app.link/g3B41BnXNJb,187 - 206,No,196.53," 8,7",Black
3464,COMBIT 1901,Distribution,K. V. FOOTWEAR,Footwear,PVC MOULDED SCHOOL SHOES,13016.0,231.0,,175.0,,18.0,1882521,https://bijnis.s3.amazonaws.com/PRODUCTION/uploads/1490485863/uploadfile_1-8cd4fce4-2e01-4006-aec3-e2743d7bf951.jpeg,https://bijnis.app.link/LqvCZlS9NJb,192 - 212,No,201.92," 2, 3,1,2,3",White
3465,COMBIT 1903,Distribution,K. V. FOOTWEAR,Footwear,PVC MOULDED SCHOOL SHOES,2895.0,524.0,,455.0,,78.0,1882534,https://bijnis.s3.amazonaws.com/PRODUCTION/uploads/1490485863/uploadfile_1-0e5e90ca-c60e-4b68-95ff-8523d024186b.jpeg,https://bijnis.app.link/8qufhBj8NJb,166 - 184,No,175.0," 10, 9,8","White,Brown"
3466,COMBIT 1904,Distribution,K. V. FOOTWEAR,Footwear,PVC MOULDED SCHOOL SHOES,14965.0,196.0,,145.0,,13.0,1882540,https://bijnis.s3.amazonaws.com/PRODUCTION/uploads/1490485863/uploadfile_1-2f6cd038-6256-4533-b969-b2946502e8a8.jpeg,https://bijnis.app.link/7NIr8sL5NJb,183 - 202,No,192.5," 12, 13,11,13","Brown,White"
3467,COMBIT 1906,Distribution,K. V. FOOTWEAR,Footwear,PVC MOULDED SCHOOL SHOES,2632.0,541.0,,472.0,,84.0,1882553,https://bijnis.s3.amazonaws.com/PRODUCTION/uploads/1490485863/uploadfile_1-5a411ea6-723e-4c35-8384-789fe05a30e9.jpeg,https://bijnis.app.link/FPLkZQp8NJb,220 - 243,No,231.53," 8,7",White
3468,COMBIT 1907,Distribution,K. V. FOOTWEAR,Footwear,PVC MOULDED SCHOOL SHOES,1769.0,618.0,,547.0,,106.0,1882575,https://bijnis.s3.amazonaws.com/PRODUCTION/uploads/1490485863/uploadfile_1-976ead54-491c-463d-9040-c149cd2ba05d.jpeg,https://bijnis.app.link/yQiWbvf0NJb,153 - 170,No,161.54," 2, 3,1",Black
3469,COMBIT 1909,Distribution,K. V. FOOTWEAR,Footwear,PVC MOULDED SCHOOL SHOES,790.0,722.0,,649.0,,139.0,1882586,https://bijnis.s3.amazonaws.com/PRODUCTION/uploads/1490485863/uploadfile_1-ae307cb2-5d10-489a-a048-05e6ec50d492.jpeg,https://bijnis.app.link/WDLtdCjZNJb,136 - 150,No,142.69," 10, 9,8",Black
3470,COMBIT 1910,Distribution,K. V. FOOTWEAR,Footwear,PVC MOULDED SCHOOL SHOES,3370.0,498.0,,431.0,,70.0,1882588,https://bijnis.s3.amazonaws.com/PRODUCTION/uploads/1490485863/uploadfile_1-64dad05d-db22-4805-abb0-c7f8a61fed0a.jpeg,https://bijnis.app.link/gCHKb1gbOJb,145 - 160,No,152.11," 12, 13,11",Black
3471,COMBIT 1913,Distribution,K. V. FOOTWEAR,Footwear,PVC MOULDED SCHOOL SHOES,2166.0,577.0,,507.0,,91.0,1882612,https://bijnis.s3.amazonaws.com/PRODUCTION/uploads/1490485863/uploadfile_1-50e68c8d-b81f-409f-8997-7447dc1fdc5d.jpeg,https://bijnis.app.link/cnv79Io4NJb,187 - 206,No,196.53," 2, 3,1,3",White
3472,COMBIT 1915,Distribution,K. V. FOOTWEAR,Footwear,PVC MOULDED SCHOOL SHOES,2841.0,527.0,,458.0,,79.0,1882614,https://bijnis.s3.amazonaws.com/PRODUCTION/uploads/1490485863/uploadfile_1-1f37d076-2fa2-4ffe-9fae-1d7a23b98d21.jpeg,https://bijnis.app.link/hOHONFU8NJb,162 - 180,No,170.96," 10, 9,8",White
3473,COMBIT 1916,Distribution,K. V. FOOTWEAR,Footwear,PVC MOULDED SCHOOL SHOES,2073.0,580.0,,509.0,,92.0,1882615,https://bijnis.s3.amazonaws.com/PRODUCTION/uploads/1490485863/uploadfile_1-2e805aa3-d33a-4ca9-9e14-2f621e8513b2.jpeg,https://bijnis.app.link/DWPNKFa6NJb,178 - 196,No,187.11," 12, 13,11",White
3474,COMBIT 1925,Distribution,K. V. FOOTWEAR,Footwear,PVC MOULDED SCHOOL SHOES,4757.0,426.0,,361.0,,56.0,1887353,https://bijnis.s3.amazonaws.com/PRODUCTION/uploads/1490485863/uploadfile_1-3fd8943f-e751-4d94-bef8-2fdf18c569f2.jpeg,https://bijnis.app.link/KqTbE0LXNJb,261 - 288,No,274.61," 2, 3,1",Black
3475,COMBIT 1931,Distribution,K. V. FOOTWEAR,Footwear,PVC MOULDED SCHOOL SHOES,1874.0,607.0,,536.0,,97.0,1887855,https://bijnis.s3.amazonaws.com/PRODUCTION/uploads/1490485863/uploadfile_1-889c311a-d129-4611-b5d6-4bde22e300a3.jpeg,https://bijnis.app.link/VNtWpIK0NJb,153 - 170,No,161.54," 2, 3,1,3",Black
3476,COMBIT 1932,Distribution,K. V. FOOTWEAR,Footwear,PVC MOULDED SCHOOL SHOES,1015.0,705.0,,633.0,,125.0,1887857,https://bijnis.s3.amazonaws.com/PRODUCTION/uploads/1490485863/uploadfile_1-c88bf38a-92bb-4e06-87bd-48a5eca27508.jpeg,https://bijnis.app.link/hXpz23v7NJb,166 - 184,No,175.0," 5, 6,4",Black
3477,COMBIT 1934,Distribution,K. V. FOOTWEAR,Footwear,PVC MOULDED SCHOOL SHOES,1764.0,619.0,,548.0,,107.0,1887872,https://bijnis.s3.amazonaws.com/PRODUCTION/uploads/1490485863/uploadfile_1-c87318f0-e2d8-428c-ac88-b5af9a1f0a21.jpeg,https://bijnis.app.link/T6SPxlv1NJb,145 - 160,No,152.11," 12, 13,11,13",Black
3478,COMBIT 1939,Distribution,K. V. FOOTWEAR,Footwear,PVC MOULDED SCHOOL SHOES,11545.0,252.0,,194.0,,24.0,1892198,https://bijnis.s3.amazonaws.com/PRODUCTION/uploads/1490485863/uploadfile_1-ad83d595-aaaf-4eb7-b513-de410ed63718.jpeg,https://bijnis.app.link/BZlQAe2VVJb,164 - 181,No,172.3," 2, 3,1",Black
3479,COMBIT 1941,Distribution,K. V. FOOTWEAR,Footwear,PVC MOULDED SCHOOL SHOES,11020.0,260.0,,201.0,,29.0,1892203,https://bijnis.s3.amazonaws.com/PRODUCTION/uploads/1490485863/uploadfile_1-05fd25e0-85ea-4e56-9d63-4a1d21e08ca3.jpeg,https://bijnis.app.link/loUhYUo0NJb,146 - 161,No,153.46," 10, 9,10,8,9",Black
3480,COMBIT 1943,Distribution,K. V. FOOTWEAR,Footwear,PVC MOULDED SCHOOL SHOES,11400.0,255.0,,197.0,,25.0,1892207,https://bijnis.s3.amazonaws.com/PRODUCTION/uploads/1490485863/uploadfile_1-eeee5f64-5771-4e00-87e6-8b5d2f9cab18.jpeg,https://bijnis.app.link/w0BSmtD5NJb,136 - 150,No,142.69," 7,6,7",Black
3481,COMBIT 1945,Distribution,K. V. FOOTWEAR,Footwear,PVC MOULDED SCHOOL SHOES,14832.0,198.0,,147.0,,14.0,1892215,https://bijnis.s3.amazonaws.com/PRODUCTION/uploads/uploadfile_2-5a69ac47-69ed-4431-8fff-49eb59862b74.jpeg,https://bijnis.app.link/Mig5Xne0NJb,197 - 218,No,207.3," 2, 3,1",White
3482,COMBIT 1947,Distribution,K. V. FOOTWEAR,Footwear,PVC MOULDED SCHOOL SHOES,11052.0,258.0,,200.0,,28.0,1892229,https://bijnis.s3.amazonaws.com/PRODUCTION/uploads/uploadfile_2-3c55d346-97cb-45f6-afe2-b349b98a0f03.jpeg,https://bijnis.app.link/VZhUDCI8NJb,173 - 191,No,181.73,,White
3483,COMBIT 1948,Distribution,K. V. FOOTWEAR,Footwear,PVC MOULDED SCHOOL SHOES,13033.0,228.0,,173.0,,17.0,1892235,https://bijnis.s3.amazonaws.com/PRODUCTION/uploads/uploadfile_2-b3d9b3f5-886f-495a-b7ca-5a4ffb21019f.jpeg,https://bijnis.app.link/jyhEH8Z6NJb,188 - 208,No,197.88," 12, 13,11",White
3484,COMBIT 1949,Distribution,K. V. FOOTWEAR,Footwear,PVC MOULDED SCHOOL SHOES,4627.0,435.0,,370.0,,57.0,1892256,https://bijnis.s3.amazonaws.com/PRODUCTION/uploads/uploadfile_2-feb7c819-7cff-4939-ad28-264d6a5cf270.jpeg,https://bijnis.app.link/rSw1uVo2NJb,164 - 181,No,172.3," 7,6",White
3485,COMBIT 1950,Distribution,K. V. FOOTWEAR,Footwear,PVC MOULDED SCHOOL SHOES,902.0,715.0,,643.0,,131.0,1892258,https://bijnis.s3.amazonaws.com/PRODUCTION/uploads/uploadfile_2-b5a8dcd0-39bb-439a-bd33-fae6b72e6ebb.jpeg,https://bijnis.app.link/wEaA8nS5NJb,225 - 249,No,236.92," 8,7",White
3486,COMBIT 1953,Distribution,K. V. FOOTWEAR,Footwear,PVC MOULDED SCHOOL SHOES,2989.0,519.0,,450.0,,75.0,1892273,https://bijnis.s3.amazonaws.com/PRODUCTION/uploads/1490485863/uploadfile_1-3505014d-7ea9-412c-a50c-37898340f53b.jpeg,https://bijnis.app.link/qxvgrZ07NJb,178 - 196,No,187.11," 12, 13,11",White
3487,COMBIT 1954,Distribution,K. V. FOOTWEAR,Footwear,PVC MOULDED SCHOOL SHOES,587.0,733.0,,660.0,,143.0,1892282,https://bijnis.s3.amazonaws.com/PRODUCTION/uploads/1490485863/uploadfile_1-155265b1-5fa1-43a0-a836-59c7e6847215.jpeg,https://bijnis.app.link/3iqwxui2NJb,152 - 168,No,160.19," 7,6",White
3488,COMBIT 1955,Distribution,K. V. FOOTWEAR,Footwear,PVC MOULDED SCHOOL SHOES,793.0,721.0,,648.0,,138.0,1892284,https://bijnis.s3.amazonaws.com/PRODUCTION/uploads/1490485863/uploadfile_1-b8ed1eb4-dd82-4b38-bf3e-02ca20df2118.jpeg,https://bijnis.app.link/oVbKVrraOJb,215 - 237,No,226.15," 8,7",White
3489,COMBIT 2112,Distribution,K. V. FOOTWEAR,Footwear,PVC MOULDED SCHOOL SHOES,1575.0,640.0,,568.0,,113.0,1958460,https://bijnis.s3.amazonaws.com/PRODUCTION/uploads/uploadfile_2-22dc79d6-c288-4944-9814-e02e7654f8da.jpeg,https://bijnis.app.link/JJvjIgpXNJb,254 - 281,No,267.88," 10, 9,8",White
3490,COMBIT 2163,Distribution,K. V. FOOTWEAR,Footwear,PVC MOULDED SCHOOL SHOES,1655.0,633.0,,561.0,,110.0,2354069,https://bijnis.s3.amazonaws.com/PRODUCTION/uploads/1490485863/uploadfile_2-aa4ff332-e5cb-4a72-9109-8b56b9690fb5.jpeg,https://bijnis.app.link/EmHyTVU8NJb,274 - 302,No,288.07," 12, 13,11,12",Brown
3491,COMBIT 2271,Distribution,K. V. FOOTWEAR,Footwear,PVC MOULDED SPORTS SHOES,1190.0,791.0,,691.0,,123.0,2248116,https://bijnis.s3.amazonaws.com/PRODUCTION/uploads/1490485863/uploadfile_2-47a77a6a-19a7-4f32-bce0-03f5120793c5.jpeg,https://bijnis.app.link/Ki5OFUc8NJb,352 - 389,No,370.19," 5, 6, 7, 8, 9,4,5,6",White
3492,COMBIT 2356,Distribution,K. V. FOOTWEAR,Footwear,PVC MOULDED SCHOOL SHOES,22811.0,130.0,,89.0,,3.0,2124820,https://bijnis.s3.amazonaws.com/PRODUCTION/uploads/1490485863/uploadfile_1-8b27fad7-ae5b-45e5-800c-7ad55964b076.jpeg,https://bijnis.app.link/jzI3V4YYNJb,155 - 171,No,162.88," 12, 13,11,13",Black
3493,COMBIT 2357,Distribution,K. V. FOOTWEAR,Footwear,PVC MOULDED SCHOOL SHOES,764.0,726.0,,653.0,,140.0,2124834,https://bijnis.s3.amazonaws.com/PRODUCTION/uploads/1490485863/uploadfile_1-b5553c3e-82c4-459f-828f-e5949d09740a.jpeg,https://bijnis.app.link/iUXTXaO8NJb,201 - 222,No,211.34,9,Black
3494,COMBIT 2361,Distribution,K. V. FOOTWEAR,Footwear,PVC MOULDED SCHOOL SHOES,1778.0,616.0,,545.0,,105.0,2354070,https://bijnis.s3.amazonaws.com/PRODUCTION/uploads/1490485863/uploadfile_2-13c5f8aa-7068-485d-999c-ddf58a92016e.jpeg,https://bijnis.app.link/bwHdOB48NJb,294 - 325,No,309.61," 2, 3,1",Brown
3495,COMBIT 2362,Distribution,K. V. FOOTWEAR,Footwear,PVC MOULDED SCHOOL SHOES,7568.0,324.0,,262.0,,39.0,2124928,https://bijnis.s3.amazonaws.com/PRODUCTION/uploads/uploadfile_2-54ef926f-74cf-450c-abbf-068bd2b9e75c.jpeg,https://bijnis.app.link/HAYJuB87NJb,313 - 346,No,329.8," 5, 6,4,5",White
3496,COMBIT 2404,Distribution,K. V. FOOTWEAR,Footwear,PVC MOULDED SCHOOL SHOES,1790.0,615.0,,544.0,,104.0,2151173,https://bijnis.s3.amazonaws.com/PRODUCTION/uploads/1490485863/uploadfile_2-3fbacf39-960b-4258-a812-ab0869df69e9.jpeg,https://bijnis.app.link/tAnpYIhAcKb,155 - 171,No,162.88," 10, 9,8",Black
3497,COMBIT 2421,Distribution,K. V. FOOTWEAR,Footwear,PVC MOULDED SCHOOL SHOES,25208.0,119.0,,80.0,,2.0,2153875,https://bijnis.s3.amazonaws.com/PRODUCTION/uploads/1490485863/uploadfile_2-94c98fe4-2eae-4028-9943-c5d93f5b5c42.jpeg,https://bijnis.app.link/btrsw4WXNJb,234 - 259,No,246.34," 10, 8, 9,7",Black
3498,COMBIT 2433,Distribution,K. V. FOOTWEAR,Footwear,PVC MOULDED SCHOOL SHOES,2403.0,561.0,,492.0,,88.0,2169744,https://bijnis.s3.amazonaws.com/PRODUCTION/uploads/1490485863/uploadfile_2-ad2dc56c-3cad-47a7-a84c-e79745e7eac0.jpeg,https://bijnis.app.link/lHMBXHvVNJb,136 - 150,No,142.69," 10, 9,8",Black
3499,COMBIT 2440,Distribution,K. V. FOOTWEAR,Footwear,PVC MOULDED SCHOOL SHOES,3874.0,469.0,,403.0,,64.0,2169967,https://bijnis.s3.amazonaws.com/PRODUCTION/uploads/1490485863/uploadfile_1-b61c2e7b-460f-405c-a1de-88a3d5c970a6.jpeg,https://bijnis.app.link/8KoMaKhAcKb,162 - 180,No,170.96," 10, 9,8",White
3500,COMBIT 2586,Distribution,K. V. FOOTWEAR,Footwear,PVC MOULDED SCHOOL SHOES,2494.0,550.0,,481.0,,86.0,2253522,https://bijnis.s3.amazonaws.com/PRODUCTION/uploads/1490485863/uploadfile_1-c90a1d63-2331-4cee-aef3-fc3382619062.jpeg,https://bijnis.app.link/g8OnsuPVVJb,207 - 229,No,218.07," 7, 8, 9,6",Black
3501,COMBIT 2593,Distribution,K. V. FOOTWEAR,Footwear,PVC MOULDED SCHOOL SHOES,2303.0,565.0,,496.0,,89.0,2260309,https://bijnis.s3.amazonaws.com/PRODUCTION/uploads/1490485863/uploadfile_1-2a29fd92-6901-42e2-95e5-e98fa2d5ec5b.jpeg,https://bijnis.app.link/b48u95t2NJb,187 - 206,No,196.53," 2, 3,1",White
3502,COMBIT 2594,Distribution,K. V. FOOTWEAR,Footwear,PVC MOULDED SCHOOL SHOES,1485.0,649.0,,577.0,,116.0,2264428,https://bijnis.s3.amazonaws.com/PRODUCTION/uploads/1490485863/uploadfile_2-81823437-7053-41de-8669-4ba3fa7c82f6.jpeg,https://bijnis.app.link/ZW3Yzum6NJb,189 - 209,No,199.23,9,Black
3503,COMBIT 2601,Distribution,K. V. FOOTWEAR,Footwear,PVC MOULDED SCHOOL SHOES,3691.0,477.0,,411.0,,66.0,2312540,https://bijnis.s3.amazonaws.com/PRODUCTION/uploads/1490485863/uploadfile_2-6f2a8c6f-9a1e-4c26-aa28-9a2da37c5bf7.jpeg,https://bijnis.app.link/WJphOUYUNJb,164 - 181,No,172.3," 10, 9,8",Black
3504,COMBIT 2602,Distribution,K. V. FOOTWEAR,Footwear,PVC MOULDED SCHOOL SHOES,7789.0,318.0,,257.0,,37.0,2312541,https://bijnis.s3.amazonaws.com/PRODUCTION/uploads/1490485863/uploadfile_2-bdfc1fd2-d2f3-4f59-a4d7-5f300b8ac574.jpeg,https://bijnis.app.link/kY655AeVNJb,194 - 215,No,204.61," 5, 6,4",Black
3505,COMBIT 2603,Distribution,K. V. FOOTWEAR,Footwear,PVC MOULDED SCHOOL SHOES,5760.0,383.0,,321.0,,50.0,2312543,https://bijnis.s3.amazonaws.com/PRODUCTION/uploads/1490485863/uploadfile_2-76f1be6f-e2d5-4208-87fd-c60b5de938e7.jpeg,https://bijnis.app.link/Ttob9NlVNJb,182 - 201,No,191.15," 2, 3,1",Black
3506,COMBIT 2605,Distribution,K. V. FOOTWEAR,Footwear,PVC MOULDED SPORTS SHOES,5412.0,403.0,,326.0,,52.0,2312611,https://bijnis.s3.amazonaws.com/PRODUCTION/uploads/1490485863/uploadfile_3-498cea58-f892-4f38-af18-a1489f36f711.jpeg,https://bijnis.app.link/1FUZq2UaOJb,502 - 555,No,528.17," 6, 7, 8, 9,5,6,7,9",White
3507,COMBIT 2609,Distribution,K. V. FOOTWEAR,Footwear,PVC MOULDED SCHOOL SHOES,1898.0,602.0,,531.0,,95.0,2316770,https://bijnis.s3.amazonaws.com/PRODUCTION/uploads/1490485863/uploadfile_2-9fbd742f-1209-41d2-970e-0ed1b6b73133.jpeg,https://bijnis.app.link/USPLWCeVNJb,235 - 260,No,247.69," 10, 8, 9,7",Black
3508,COMBIT 2610,Distribution,K. V. FOOTWEAR,Footwear,PVC MOULDED SCHOOL SHOES,4071.0,460.0,,395.0,,63.0,2317849,https://bijnis.s3.amazonaws.com/PRODUCTION/uploads/1490485863/uploadfile_2-2d7d5eb7-c622-47f6-aa3e-ea2edd8a4529.jpeg,https://bijnis.app.link/m91Gx5y2NJb,226 - 250,No,238.26," 10, 9,8",Black
3509,COMBIT 2612,Distribution,K. V. FOOTWEAR,Footwear,PVC MOULDED SCHOOL SHOES,4814.0,424.0,,359.0,,55.0,2321537,https://bijnis.s3.amazonaws.com/PRODUCTION/uploads/1490485863/uploadfile_2-3e6e3a9b-a90a-4c7d-bea5-59175619b24c.jpeg,https://bijnis.app.link/sRhV5Au9NJb,132 - 146,No,138.65," 7,6",Black
3510,COMBIT 2665,Distribution,K. V. FOOTWEAR,Footwear,PVC MOULDED SPORTS SHOES,2770.0,579.0,,490.0,,81.0,2361958,https://bijnis.s3.amazonaws.com/PRODUCTION/uploads/1490485863/uploadfile_2-46159975-cbac-4c0a-bdd3-c33791af8dd8.jpeg,https://bijnis.app.link/NJJVJM1XNJb,376 - 416,No,395.97," 5, 6, 7, 8,4,5","Grey,White"
3512,COMBIT 2672,Distribution,K. V. FOOTWEAR,Footwear,PVC MOULDED SPORTS SHOES,1562.0,745.0,,648.0,,114.0,2363069,https://bijnis.s3.amazonaws.com/PRODUCTION/uploads/1490485863/uploadfile_2-a572fb55-c10b-4347-bdd9-f2f9d953255d.jpeg,https://bijnis.app.link/l6Rr7UdVNJb,408 - 450,No,429.02," 10, 7, 8, 9,6,7,9",Blue
3513,COMBIT 2809,Distribution,K. V. FOOTWEAR,Footwear,PVC MOULDED SCHOOL SHOES,18536.0,157.0,,113.0,,8.0,2402552,https://bijnis.s3.amazonaws.com/PRODUCTION/uploads/1490485863/uploadfile_2-781f93ab-2da2-4927-ac18-e3b5e35fdd90.jpeg,https://bijnis.app.link/JvmKcih9NJb,240 - 266,No,253.07," 12, 13,11,12",Black
3514,COMBIT 2810,Distribution,K. V. FOOTWEAR,Footwear,PVC MOULDED SCHOOL SHOES,16459.0,178.0,,131.0,,10.0,2402563,https://bijnis.s3.amazonaws.com/PRODUCTION/uploads/1490485863/uploadfile_2-8da2a170-d7ae-41a6-ad29-f022cc5e58ee.jpeg,https://bijnis.app.link/bPTsdEo5NJb,280 - 310,No,294.8," 5, 6,4",Black
3515,COMBIT 2811,Distribution,K. V. FOOTWEAR,Footwear,PVC MOULDED SCHOOL SHOES,13160.0,222.0,,168.0,,16.0,2402570,https://bijnis.s3.amazonaws.com/PRODUCTION/uploads/1490485863/uploadfile_2-bbe89df2-556e-4714-adc5-0b58475426ed.jpeg,https://bijnis.app.link/j5OTdKI0NJb,320 - 353,No,336.53," 10, 8, 9,10,7,8,9",Black
3516,COMBIT 2865,Distribution,K. V. FOOTWEAR,Footwear,PVC MOULDED SCHOOL SHOES,15521.0,192.0,,142.0,,11.0,2410617,https://bijnis.s3.amazonaws.com/PRODUCTION/uploads/1490485863/uploadfile_2-0e41ac4d-e9e4-45e3-96e2-0e0b3147d76e.jpeg,https://bijnis.app.link/2nIQ8945NJb,194 - 215,No,204.61," 5, 6,4",Black
3517,COMBIT 2866,Distribution,K. V. FOOTWEAR,Footwear,PVC MOULDED SCHOOL SHOES,2837.0,528.0,,459.0,,80.0,2410635,https://bijnis.s3.amazonaws.com/PRODUCTION/uploads/1490485863/uploadfile_2-9cbd6133-9a74-4354-8c6c-930cfb9e29f9.jpeg,https://bijnis.app.link/lMT80UvYNJb,164 - 181,No,172.3," 10, 9,8",Black
3518,COMBIT 2869,Distribution,K. V. FOOTWEAR,Footwear,PVC MOULDED SCHOOL SHOES,9041.0,292.0,,233.0,,33.0,2410724,https://bijnis.s3.amazonaws.com/PRODUCTION/uploads/1490485863/uploadfile_2-f912b50d-1f29-47bf-974a-5f8ae37e2d3d.jpeg,https://bijnis.app.link/sj9QlGNaOJb,211 - 233,No,222.11," 8,7,8",Black
3519,COMBIT 2923,Distribution,K. V. FOOTWEAR,Footwear,PVC MOULDED SPORTS SHOES,5740.0,385.0,,309.0,,51.0,2460432,https://bijnis.s3.amazonaws.com/PRODUCTION/uploads/uploadfile_2-dd39d3fc-bc2a-47b9-8282-dafa8b442ecc.jpeg,https://bijnis.app.link/jyL4gRh6NJb,395 - 437,No,415.8," 5, 6, 7, 8,4,5",Olive
3520,COMBIT 2944,Distribution,K. V. FOOTWEAR,Footwear,PVC MOULDED SCHOOL SHOES,8787.0,296.0,,236.0,,35.0,2476882,https://bijnis.s3.amazonaws.com/PRODUCTION/uploads/uploadfile_2-01c190d0-1513-4d41-82d3-522e037680b3.jpeg,https://bijnis.app.link/9ZAfP6e6NJb,173 - 191,No,181.73," 12, 13,11",Black
3521,COMBIT 2949,Distribution,K. V. FOOTWEAR,Footwear,PVC MOULDED SPORTS SHOES,7071.0,323.0,,253.0,,41.0,2548998,https://bijnis.s3.amazonaws.com/PRODUCTION/uploads/uploadfile_2-518e67b5-f66d-4d62-9d89-877844d8a310.jpeg,https://bijnis.app.link/XQx0BDr0NJb,470 - 520,No,495.12," 10, 7, 8, 9,6,7",Black
3522,COMBIT 2969,Distribution,K. V. FOOTWEAR,Footwear,PVC MOULDED SCHOOL SHOES,15363.0,193.0,,143.0,,12.0,2499684,https://bijnis.s3.amazonaws.com/PRODUCTION/uploads/uploadfile_2-7e102dff-4a0d-4f7b-a758-e8c456b70fab.jpeg,https://bijnis.app.link/5IW9nSr4NJb,261 - 288,No,274.61," 2, 3,1",Black
3523,COMBIT 2972,Distribution,K. V. FOOTWEAR,Footwear,PVC MOULDED SCHOOL SHOES,1821.0,612.0,,541.0,,101.0,2499691,https://bijnis.s3.amazonaws.com/PRODUCTION/uploads/uploadfile_2-0594f124-dce1-4888-8c82-b53db0ee71cf.jpeg,https://bijnis.app.link/GVfH9qG1NJb,294 - 325,No,309.61," 2, 3,1,2",White
3524,COMBIT 2974,Distribution,K. V. FOOTWEAR,Footwear,PVC MOULDED SCHOOL SHOES,2923.0,522.0,,453.0,,77.0,2499696,https://bijnis.s3.amazonaws.com/PRODUCTION/uploads/uploadfile_2-04759794-9572-4b0d-9742-a76fedbf82ee.jpeg,https://bijnis.app.link/rJBxgF73NJb,354 - 392,No,372.88," 10, 8, 9,7",White
3525,COMBIT 2985,Distribution,K. V. FOOTWEAR,Footwear,PVC MOULDED SCHOOL SHOES,1840.0,609.0,,538.0,,98.0,2507901,https://bijnis.s3.amazonaws.com/PRODUCTION/uploads/uploadfile_2-ea886277-50ff-4a61-95ad-f097f1a22cf7.jpeg,https://bijnis.app.link/EIxsc1lVNJb,228 - 252,No,239.61," 5, 6,4",White
3526,COMBIT 2986,Distribution,K. V. FOOTWEAR,Footwear,PVC MOULDED SCHOOL SHOES,1194.0,681.0,,609.0,,122.0,2507907,https://bijnis.s3.amazonaws.com/PRODUCTION/uploads/uploadfile_2-fcee810e-90c5-4b1d-b91f-f76adb142b45.jpeg,https://bijnis.app.link/sZPImigVNJb,153 - 170,No,161.54," 7,6",Black
3527,COMBIT 2988,Distribution,K. V. FOOTWEAR,Footwear,PVC MOULDED SCHOOL SHOES,7634.0,322.0,,261.0,,38.0,2507922,https://bijnis.s3.amazonaws.com/PRODUCTION/uploads/uploadfile_1-a582e2e6-cd09-4ed1-ac00-ef3fe9dd3327.jpeg,https://bijnis.app.link/u9Jwc8M5NJb,246 - 271,No,258.46," 10, 8, 9,7,8",White
3528,COMBIT 3083,Distribution,K. V. FOOTWEAR,Footwear,PVC MOULDED SCHOOL SHOES,1881.0,605.0,,534.0,,96.0,2541976,https://bijnis.s3.amazonaws.com/PRODUCTION/uploads/uploadfile_2-bf545b3d-0c6d-4f0a-a8ac-72a897d244b5.jpeg,https://bijnis.app.link/L8XM5JX9NJb,157 - 174,No,165.57," 7,6",White
3529,COMBIT 3084,Distribution,K. V. FOOTWEAR,Footwear,PVC MOULDED SCHOOL SHOES,1793.0,614.0,,543.0,,103.0,2541978,https://bijnis.s3.amazonaws.com/PRODUCTION/uploads/uploadfile_2-07facfa0-e796-435b-93ea-7fe01a3855bf.jpeg,https://bijnis.app.link/7qK2CIn9NJb,166 - 184,No,175.0," 10, 9,8",White
3530,COMBIT 3112,Distribution,K. V. FOOTWEAR,Footwear,PVC MOULDED SCHOOL SHOES,2167.0,576.0,,506.0,,90.0,2563251,https://bijnis.s3.amazonaws.com/PRODUCTION/uploads/uploadfile_2-a9c0a948-8fcc-4ad9-a458-1a6db644da0e.jpeg,https://bijnis.app.link/uznVW0AaOJb,189 - 209,No,199.23," 10, 9,8",White
3531,COMBIT 3128,Distribution,K. V. FOOTWEAR,Footwear,PVC MOULDED SCHOOL SHOES,1472.0,651.0,,579.0,,117.0,2583700,https://bijnis.s3.amazonaws.com/PRODUCTION/uploads/uploadfile_3-685c7f34-4a1c-4741-a9ce-856ae7ff3149.jpeg,https://bijnis.app.link/vrF53rqMzKb,361 - 399,No,379.61," 12,11",Black
4953,DRUK 457,Distribution,K. V. FOOTWEAR,Footwear,PU MOULDED SLIPPERS,3560.0,1548.0,,1213.0,,67.0,1880911,https://bijnis.s3.amazonaws.com/PRODUCTION/uploads/1490485863/uploadfile_1-fcd589a2-118d-4eb0-998a-0a465183011d.jpeg,https://bijnis.app.link/DDvVaWbiPJb,225 - 249,No,237.32," 10, 7, 8, 9,6,7","Brown,Tan"
4955,DRUK 487,Distribution,K. V. FOOTWEAR,Footwear,PU MOULDED SLIPPERS,6052.0,1081.0,,778.0,,49.0,2133948,https://bijnis.s3.amazonaws.com/PRODUCTION/uploads/1490485863/uploadfile_1-bfaf49c5-0a98-46b4-9c7e-e5aa80d02cdb.jpeg,https://bijnis.app.link/cNUnmvK0NJb,213 - 235,No,224.09," 10, 8, 9,7","Brown,Black"
4956,DRUK 649,Distribution,K. V. FOOTWEAR,Footwear,PU MOULDED SLIPPERS,1820.0,2073.0,,1718.0,,102.0,2560627,https://bijnis.s3.amazonaws.com/PRODUCTION/uploads/uploadfile_2-af847aa4-8d9c-44be-895b-a9243bb8d08b.jpeg,https://bijnis.app.link/scEVg174NJb,251 - 277,No,263.76," 10, 8, 9,7",Brown
4957,DRUK 655,Distribution,K. V. FOOTWEAR,Footwear,PU MOULDED SLIPPERS,4257.0,1379.0,,1053.0,,60.0,2515589,https://bijnis.s3.amazonaws.com/PRODUCTION/uploads/uploadfile_2-34a62c86-84d6-4337-a6fd-8b875669a545.jpeg,https://bijnis.app.link/hGEdb4bZNJb,225 - 249,No,237.32," 10, 7, 8, 9,6,7",Tan
4958,DRUK 656,Distribution,K. V. FOOTWEAR,Footwear,PU MOULDED SLIPPERS,2992.0,1701.0,,1359.0,,74.0,2258146,https://bijnis.s3.amazonaws.com/PRODUCTION/uploads/1490485863/uploadfile_2-e0d8043c-6cfc-42a7-b860-5c6ed5a36b56.jpeg,https://bijnis.app.link/z82TOUbiPJb,200 - 221,No,210.87," 10, 7, 8, 9,6,7","Tan,Brown"
4959,DRUK 677,Distribution,K. V. FOOTWEAR,Footwear,PU MOULDED SLIPPERS,1827.0,2069.0,,1714.0,,99.0,2583414,https://bijnis.s3.amazonaws.com/PRODUCTION/uploads/uploadfile_2-a753b2b5-0b7b-42c4-b43f-9d90e54a707e.jpeg,https://bijnis.app.link/Jsyqgc6PxKb,219 - 242,No,230.7," 10, 7, 8, 9,6,7","Tan,Dusty Brown"
4960,DRUK 684,Distribution,K. V. FOOTWEAR,Footwear,PU MOULDED SLIPPERS,5091.0,1228.0,,916.0,,54.0,2301445,https://bijnis.s3.amazonaws.com/PRODUCTION/uploads/1490485863/uploadfile_2-06699254-cc00-417f-8994-d51d3a1015a2.jpeg,https://bijnis.app.link/LBQcuc21NJb,232 - 256,No,243.93," 10, 7, 8, 9,6,7",Tan
4961,DRUK 705,Distribution,K. V. FOOTWEAR,Footwear,PU MOULDED SLIPPERS,1427.0,2240.0,,1884.0,,119.0,2310018,https://bijnis.s3.amazonaws.com/PRODUCTION/uploads/1490485863/uploadfile_1-35fc191d-1f07-4bb1-ac3a-12e7b9861489.jpeg,https://bijnis.app.link/dDASyKv6NJb,200 - 221,No,210.87," 10, 8, 9,7",Blue
4962,DRUK 710,Distribution,K. V. FOOTWEAR,Footwear,PU MOULDED SLIPPERS,728.0,2546.0,,2184.0,,141.0,2495409,https://bijnis.s3.amazonaws.com/PRODUCTION/uploads/uploadfile_3-8f78a679-6c7c-49d8-aa13-97d1cd969aa8.jpeg,https://bijnis.app.link/fZyruMdiPJb,194 - 214,No,204.26," 10, 7, 8, 9,6,7",Tan
4963,DRUK 713,Distribution,K. V. FOOTWEAR,Footwear,PU MOULDED SLIPPERS,802.0,2516.0,,2155.0,,137.0,2310514,https://bijnis.s3.amazonaws.com/PRODUCTION/uploads/1490485863/uploadfile_2-d9f56b03-48eb-4fc2-9714-77130cb78fe7.jpeg,https://bijnis.app.link/a8eelgm0NJb,213 - 235,No,224.09," 10, 7, 8, 9,6,7",Tan
4964,DRUK 720,Distribution,K. V. FOOTWEAR,Footwear,PU MOULDED SLIPPERS,843.0,2495.0,,2134.0,,134.0,2311364,https://bijnis.s3.amazonaws.com/PRODUCTION/uploads/1490485863/uploadfile_1-590e4efd-91c9-4cb9-af35-94cc4eb30c93.jpeg,https://bijnis.app.link/j7uZ92P9NJb,200 - 221,No,210.87," 10, 7, 8, 9,6,7",White
4965,DRUK 721,Distribution,K. V. FOOTWEAR,Footwear,PU MOULDED SLIPPERS,1486.0,2215.0,,1859.0,,115.0,2311381,https://bijnis.s3.amazonaws.com/PRODUCTION/uploads/1490485863/uploadfile_2-d0cde93a-8813-45db-8321-1281f9895474.jpeg,https://bijnis.app.link/FcTDhzS9NJb,194 - 214,No,204.26," 10, 8, 9,7",Black
4966,DRUK 726,Distribution,K. V. FOOTWEAR,Footwear,PU MOULDED SLIPPERS,728.0,2546.0,,2184.0,,141.0,2311439,https://bijnis.s3.amazonaws.com/PRODUCTION/uploads/1490485863/uploadfile_3-17edfbab-4c8f-4b3f-93ea-44679124b24c.jpeg,https://bijnis.app.link/ylgI2pg1NJb,194 - 214,No,204.26," 10, 8, 9,7",Grey
4967,DRUK 728,Distribution,K. V. FOOTWEAR,Footwear,PU MOULDED SLIPPERS,1486.0,2215.0,,1859.0,,115.0,2311451,https://bijnis.s3.amazonaws.com/PRODUCTION/uploads/1490485863/uploadfile_3-14057b92-a4fe-472b-9a06-8de815087bf1.jpeg,https://bijnis.app.link/8yr5cQp5NJb,194 - 214,No,204.26," 10, 8, 9,7",Black
4968,DRUK 741,Distribution,K. V. FOOTWEAR,Footwear,PU MOULDED SLIPPERS,1699.0,2115.0,,1760.0,,109.0,2311556,https://bijnis.s3.amazonaws.com/PRODUCTION/uploads/1490485863/uploadfile_4-80a2451f-ff0a-4b76-8bd0-4ceeeee0cd88.jpeg,https://bijnis.app.link/QW6X6HjiPJb,225 - 249,No,237.32," 10, 7, 8, 9,6,7",Brown
4969,DRUK 742,Distribution,K. V. FOOTWEAR,Footwear,PU MOULDED SLIPPERS,4185.0,1401.0,,1072.0,,62.0,2311567,https://bijnis.s3.amazonaws.com/PRODUCTION/uploads/1490485863/uploadfile_1-0eda045d-863a-407c-bded-e646d7bfac43.jpeg,https://bijnis.app.link/XbE3MNdiPJb,219 - 242,No,230.7," 10, 7, 8, 9,6,7",Brown
4970,DRUK 744,Distribution,K. V. FOOTWEAR,Footwear,PU MOULDED SLIPPERS,840.0,2497.0,,2136.0,,135.0,2496653,https://bijnis.s3.amazonaws.com/PRODUCTION/uploads/uploadfile_2-7fce45e4-4955-45ae-8ec1-fb00b6b2a11f.jpeg,https://bijnis.app.link/ItgcJaD9NJb,219 - 242,No,230.7," 10, 7, 8, 9,6,7",Tan
4971,DRUK 745,Distribution,K. V. FOOTWEAR,Footwear,PU MOULDED SLIPPERS,6664.0,1005.0,,708.0,,45.0,2311604,https://bijnis.s3.amazonaws.com/PRODUCTION/uploads/uploadfile_2-aafb2f5e-3790-4df0-b76d-29d5f8ec720f.jpeg,https://bijnis.app.link/Vo7nIFAWNJb,219 - 242,No,230.7," 10, 7, 8, 9,6,7","Brown,Black,Tan"
4972,DRUK 749,Distribution,K. V. FOOTWEAR,Footwear,PU MOULDED SLIPPERS,2469.0,1862.0,,1512.0,,87.0,2311933,https://bijnis.s3.amazonaws.com/PRODUCTION/uploads/1490485863/uploadfile_3-f3652d6c-bd9a-47db-a162-f34e677157d2.jpeg,https://bijnis.app.link/sr7L1LdiPJb,219 - 242,No,230.7," 10, 7, 8, 9,6,7","Tan,Brown"
4973,DRUK 755,Distribution,K. V. FOOTWEAR,Footwear,PU MOULDED SLIPPERS,4512.0,1320.0,,997.0,,59.0,2495421,https://bijnis.s3.amazonaws.com/PRODUCTION/uploads/uploadfile_2-918d98c2-a4cc-4537-8a98-9eefd72e5f99.jpeg,https://bijnis.app.link/Hu89D4GaOJb,232 - 256,No,243.93," 10, 7, 8, 9,6,7",Tan
4974,DRUK 756,Distribution,K. V. FOOTWEAR,Footwear,PU MOULDED SLIPPERS,5240.0,1205.0,,895.0,,53.0,2321751,https://bijnis.s3.amazonaws.com/PRODUCTION/uploads/1490485863/uploadfile_1-fc0bd28c-e5a2-470e-9642-61f1780332bf.jpeg,https://bijnis.app.link/eUdyWMN2NJb,225 - 249,No,237.32," 10, 7, 8, 9,6,7","Black,Brown"
4975,DRUK 763,Distribution,K. V. FOOTWEAR,Footwear,PU MOULDED SLIPPERS,1486.0,2215.0,,1859.0,,115.0,2322698,https://bijnis.s3.amazonaws.com/PRODUCTION/uploads/1490485863/uploadfile_2-08ef2d60-d4de-4aac-b753-a034b61674bd.jpeg,https://bijnis.app.link/GhXfiLa6NJb,194 - 214,No,204.26," 10, 8, 9,7",Black
4976,DRUK 774,Distribution,K. V. FOOTWEAR,Footwear,PU MOULDED SLIPPERS,935.0,2450.0,,2089.0,,128.0,2364568,https://bijnis.s3.amazonaws.com/PRODUCTION/uploads/1490485863/uploadfile_2-640f5cd2-bfaf-4819-ac36-a52fabeeb73d.jpeg,https://bijnis.app.link/1Um6LKq2NJb,251 - 277,No,263.76," 10, 7, 8, 9,6,7",Black
4977,DRUK 798,Distribution,K. V. FOOTWEAR,Footwear,PU MOULDED SLIPPERS,823.0,2507.0,,2146.0,,136.0,2560629,https://bijnis.s3.amazonaws.com/PRODUCTION/uploads/uploadfile_2-211f0dee-1023-4e31-808a-f48148be041c.jpeg,https://bijnis.app.link/KVIW47f9NJb,232 - 256,No,243.93," 10, 7, 8, 9,6,7",Brown
4978,DRUK 799,Distribution,K. V. FOOTWEAR,Footwear,PU MOULDED SLIPPERS,3326.0,1607.0,,1270.0,,71.0,2494975,https://bijnis.s3.amazonaws.com/PRODUCTION/uploads/uploadfile_2-e93ecee5-a911-4e0f-a9bf-5eea2cf7fcec.jpeg,https://bijnis.app.link/y7rJCWr8uKb,225 - 249,No,237.32," 10, 7, 8, 9,6,7",Black
4979,DRUK 809,Distribution,K. V. FOOTWEAR,Footwear,PU MOULDED SLIPPERS,2683.0,1805.0,,1459.0,,82.0,2554064,https://bijnis.s3.amazonaws.com/PRODUCTION/uploads/uploadfile_2-e989c7b8-a64a-4fb5-b81e-47fdade9a061.jpeg,https://bijnis.app.link/qWMETUC3NJb,225 - 249,No,237.32," 10, 7, 8, 9,6,7","Tan,Black"
4980,DRUK 818,Distribution,K. V. FOOTWEAR,Footwear,PU MOULDED SLIPPERS,3392.0,1587.0,,1250.0,,69.0,2495285,https://bijnis.s3.amazonaws.com/PRODUCTION/uploads/uploadfile_3-c4751462-874e-49c6-967e-22b7fd3f7df7.jpeg,https://bijnis.app.link/7KPBYiG5NJb,225 - 249,No,237.32," 10, 7, 8, 9,6,7",Brown
4981,DRUK 823,Distribution,K. V. FOOTWEAR,Footwear,PU MOULDED SLIPPERS,721.0,2548.0,,2186.0,,142.0,2496425,https://bijnis.s3.amazonaws.com/PRODUCTION/uploads/uploadfile_3-5b59e122-fd3a-4c08-ade6-45f889773025.jpeg,https://bijnis.app.link/xUFVenv9NJb,194 - 214,No,204.26," 10, 8, 9,7",Brown
4982,DRUK 835,Distribution,K. V. FOOTWEAR,Footwear,PU MOULDED SLIPPERS,2564.0,1835.0,,1487.0,,85.0,2508416,https://bijnis.s3.amazonaws.com/PRODUCTION/uploads/uploadfile_2-f0f30893-66c1-4464-a67a-77e5eed2e525.jpeg,https://bijnis.app.link/Md2t1zw8NJb,232 - 256,No,243.93," 12,11","Black,Brown"
4983,DRUK 838,Distribution,K. V. FOOTWEAR,Footwear,PU MOULDED SLIPPERS,844.0,2494.0,,2133.0,,133.0,2542959,https://bijnis.s3.amazonaws.com/PRODUCTION/uploads/uploadfile_2-a6d7a28f-b6ac-4de1-ab5a-e4515ff4787d.jpeg,https://bijnis.app.link/UgVibArYNJb,225 - 249,No,237.32," 10, 7, 8, 9,6,7",Tan
4984,DRUK 848,Distribution,K. V. FOOTWEAR,Footwear,PU MOULDED SLIPPERS,953.0,2441.0,,2080.0,,126.0,2533659,https://bijnis.s3.amazonaws.com/PRODUCTION/uploads/uploadfile_2-fea5c3de-43ee-4b1e-bc48-4b6654e55b82.jpeg,https://bijnis.app.link/CEutgA6WNJb,175 - 194,No,184.43," 2c, 3c,1c",Tan
4985,DRUK 856,Distribution,K. V. FOOTWEAR,Footwear,PU MOULDED SLIPPERS,915.0,2459.0,,2098.0,,130.0,2542248,https://bijnis.s3.amazonaws.com/PRODUCTION/uploads/uploadfile_2-faa3f8ca-b603-4e5a-a6d1-dba8021905e6.jpeg,https://bijnis.app.link/mumq8Z3ZNJb,238 - 263,No,250.54," 12,11",Tan
4986,DRUK 857,Distribution,K. V. FOOTWEAR,Footwear,PU MOULDED SLIPPERS,1646.0,2144.0,,1789.0,,111.0,2542350,https://bijnis.s3.amazonaws.com/PRODUCTION/uploads/uploadfile_2-50aeb1d9-081d-45ee-9a29-802c14744bdf.jpeg,https://bijnis.app.link/1RWwskA1NJb,219 - 242,No,230.7," 10, 8, 9,7",Tan
4987,DRUK 865,Distribution,K. V. FOOTWEAR,Footwear,PU MOULDED SLIPPERS,897.0,2464.0,,2103.0,,132.0,2554063,https://bijnis.s3.amazonaws.com/PRODUCTION/uploads/uploadfile_1-523924e7-db5e-47bd-8a1c-56a7c376c62f.jpeg,https://bijnis.app.link/CbKawvw8NJb,238 - 263,No,250.54," 12,11",Tan
4988,DRUK 874,Distribution,K. V. FOOTWEAR,Footwear,PU MOULDED SLIPPERS,1400.0,2254.0,,1898.0,,120.0,2549840,https://bijnis.s3.amazonaws.com/PRODUCTION/uploads/uploadfile_2-a0cf9195-d81d-41e3-81e3-ef1e789ddef1.jpeg,https://bijnis.app.link/ebfuI1s5NJb,188 - 208,No,197.65," 3Y, 4Y, 5Y,2Y",Tan
4989,DRUK 880,Distribution,K. V. FOOTWEAR,Footwear,PU MOULDED SLIPPERS,1587.0,2172.0,,1817.0,,112.0,2550567,https://bijnis.s3.amazonaws.com/PRODUCTION/uploads/uploadfile_2-caa59426-101d-463f-bee8-c909c7827685.jpeg,https://bijnis.app.link/iim41US5NJb,219 - 242,No,230.7," 10, 7, 8, 9,6,7",Black
4990,DRUK 883,Distribution,K. V. FOOTWEAR,Footwear,PU MOULDED SLIPPERS,1902.0,2033.0,,1679.0,,94.0,2566147,https://bijnis.s3.amazonaws.com/PRODUCTION/uploads/uploadfile_2-61182b44-3420-40fd-ae5e-d85f031d5175.jpeg,https://bijnis.app.link/TrdUAIhiPJb,263 - 291,No,276.98," 10, 7, 8, 9,6,7",Black
4991,DRUK 890,Distribution,K. V. FOOTWEAR,Footwear,PU MOULDED SLIPPERS,7565.0,897.0,,613.0,,40.0,2556194,https://bijnis.s3.amazonaws.com/PRODUCTION/uploads/uploadfile_2-6ed654aa-8de2-4cf4-9b30-b8b5fa13a64f.jpeg,https://bijnis.app.link/aJmFzX9WNJb,163 - 180,No,171.21,,"Maroon,Olive,Black"
4992,DRUK 894,Distribution,K. V. FOOTWEAR,Footwear,PU MOULDED SLIPPERS,4538.0,1316.0,,994.0,,58.0,2553674,https://bijnis.s3.amazonaws.com/PRODUCTION/uploads/uploadfile_1-d1d07859-1250-4ca5-9c93-a4db2213aa5e.jpeg,https://bijnis.app.link/hQTMkv7YNJb,207 - 229,No,218.07," 12,11","Brown,Tan"
4993,DRUK 901,Distribution,K. V. FOOTWEAR,Footwear,PU MOULDED SLIPPERS,3748.0,1499.0,,1165.0,,65.0,2565969,https://bijnis.s3.amazonaws.com/PRODUCTION/uploads/uploadfile_2-1b6c4b96-b424-4e2e-b5ac-dbaf9b1d0a4d.jpeg,https://bijnis.app.link/oTkygzfiPJb,263 - 291,No,276.98," 10, 7, 8, 9,6,7",Brown
4994,DRUK 902,Distribution,K. V. FOOTWEAR,Footwear,PU MOULDED SLIPPERS,3216.0,1625.0,,1288.0,,72.0,2566687,https://bijnis.s3.amazonaws.com/PRODUCTION/uploads/uploadfile_2-73dd3079-25dd-4e38-b289-01f3f080352e.jpeg,https://bijnis.app.link/WHsZzh5VVJb,219 - 242,No,230.7," 10, 7, 8, 9,6,7",Black
4995,DRUK 905,Distribution,K. V. FOOTWEAR,Footwear,PU MOULDED SLIPPERS,3046.0,1679.0,,1339.0,,73.0,2571275,https://bijnis.s3.amazonaws.com/PRODUCTION/uploads/uploadfile_2-edb1bb34-8d24-41b8-bfa8-a6a3bbaeb694.jpeg,https://bijnis.app.link/O3cHglIRaKb,219 - 242,No,230.7," 10, 7, 8, 9,6,7",Tan
4996,DRUK 906,Distribution,K. V. FOOTWEAR,Footwear,PU MOULDED SLIPPERS,8370.0,832.0,,557.0,,36.0,2583011,https://bijnis.s3.amazonaws.com/PRODUCTION/uploads/uploadfile_2-6717965e-d7bb-4694-9bde-3e1250449bd7.jpeg,https://bijnis.app.link/DCce004PxKb,225 - 249,No,237.32," 10, 7, 8, 9,6,7",Black
17041,combit 2405,Distribution,K. V. FOOTWEAR,Footwear,PVC MOULDED SCHOOL SHOES,948.0,711.0,,639.0,,127.0,2151179,https://bijnis.s3.amazonaws.com/PRODUCTION/uploads/1490485863/uploadfile_2-72e2ad44-3f67-4740-ab70-67ab137e4097.jpeg,https://bijnis.app.link/nd4hq3qaOJb,164 - 181,No,172.3," 12, 13,11,13",Black
17042,combit 2406,Distribution,K. V. FOOTWEAR,Footwear,PVC MOULDED SCHOOL SHOES,934.0,713.0,,641.0,,129.0,2151196,https://bijnis.s3.amazonaws.com/PRODUCTION/uploads/1490485863/uploadfile_2-110e3ace-0d3a-4416-8106-10d2e3c33852.jpeg,https://bijnis.app.link/YNCsUlw7NJb,174 - 192,No,183.07," 2, 3,1",Black
17043,combit 2407,Distribution,K. V. FOOTWEAR,Footwear,PVC MOULDED SCHOOL SHOES,6543.0,353.0,,291.0,,47.0,2151199,https://bijnis.s3.amazonaws.com/PRODUCTION/uploads/1490485863/uploadfile_2-ec4719ad-698b-4223-b3eb-fddb6200830b.jpeg,https://bijnis.app.link/QeNIA3zZNJb,187 - 206,No,196.53," 5, 6,4",Black
17044,combit 2408,Distribution,K. V. FOOTWEAR,Footwear,PVC MOULDED SCHOOL SHOES,1203.0,678.0,,606.0,,121.0,2151206,https://bijnis.s3.amazonaws.com/PRODUCTION/uploads/1490485863/uploadfile_2-4c5af052-99f3-4d81-9f07-e8d04ee545f2.jpeg,https://bijnis.app.link/ZnmX0qaaOJb,203 - 225,No,214.03," 8,7",Black
17045,combit 2417,Distribution,K. V. FOOTWEAR,Footwear,PVC MOULDED SCHOOL SHOES,1728.0,626.0,,555.0,,108.0,2153837,https://bijnis.s3.amazonaws.com/PRODUCTION/uploads/1490485863/uploadfile_2-bab22de9-d863-47aa-b983-de2e5854f781.jpeg,https://bijnis.app.link/vEpl5UE7NJb,155 - 171,No,162.88," 10, 9,8",Black
17046,combit 2418,Distribution,K. V. FOOTWEAR,Footwear,PVC MOULDED SCHOOL SHOES,9713.0,280.0,,221.0,,31.0,2153846,https://bijnis.s3.amazonaws.com/PRODUCTION/uploads/1490485863/uploadfile_2-d6e81afa-d360-4858-92cc-d12eaf2875f1.jpeg,https://bijnis.app.link/mVAVroz0NJb,164 - 181,No,172.3," 12, 13,11",Black
17047,combit 2419,Distribution,K. V. FOOTWEAR,Footwear,PVC MOULDED SCHOOL SHOES,11397.0,256.0,,198.0,,26.0,2153849,https://bijnis.s3.amazonaws.com/PRODUCTION/uploads/1490485863/uploadfile_2-5d742e53-40fc-4498-9c55-1ddec99e8748.jpeg,https://bijnis.app.link/MCcCtoU9NJb,174 - 192,No,183.07," 2, 3,1",Black
17048,combit 2434,Distribution,K. V. FOOTWEAR,Footwear,PVC MOULDED SCHOOL SHOES,4240.0,450.0,,385.0,,61.0,2169756,https://bijnis.s3.amazonaws.com/PRODUCTION/uploads/1490485863/uploadfile_2-347f7995-9971-4143-aff5-356a7778a4be.jpeg,https://bijnis.app.link/uZ5sTMDUNJb,145 - 160,No,152.11," 12, 13,11",Black
17049,combit 2435,Distribution,K. V. FOOTWEAR,Footwear,PVC MOULDED SCHOOL SHOES,12529.0,239.0,,183.0,,20.0,2169806,https://bijnis.s3.amazonaws.com/PRODUCTION/uploads/1490485863/uploadfile_2-88b73a19-debe-49b5-af42-05ad69eff9cb.jpeg,https://bijnis.app.link/ml0SvYDUNJb,153 - 170,No,161.54," 2, 3,1,3",Black
17050,combit 2437,Distribution,K. V. FOOTWEAR,Footwear,PVC MOULDED SCHOOL SHOES,9215.0,289.0,,230.0,,32.0,2169849,https://bijnis.s3.amazonaws.com/PRODUCTION/uploads/1490485863/uploadfile_2-30bd4b01-c35b-4a6b-8524-ebb4955b0330.jpeg,https://bijnis.app.link/V4KFeMR1NJb,182 - 201,No,191.15," 8,7",Black
17051,combit 2438,Distribution,K. V. FOOTWEAR,Footwear,PVC MOULDED SCHOOL SHOES,2643.0,540.0,,471.0,,83.0,2169856,https://bijnis.s3.amazonaws.com/PRODUCTION/uploads/1490485863/uploadfile_2-5f47d65b-81a8-4fc9-a05a-def541b3b136.jpeg,https://bijnis.app.link/Q6pgB7D9NJb,219 - 242,No,230.19,9,Black
17052,combit 2441,Distribution,K. V. FOOTWEAR,Footwear,PVC MOULDED SCHOOL SHOES,6554.0,352.0,,290.0,,46.0,2169969,https://bijnis.s3.amazonaws.com/PRODUCTION/uploads/1490485863/uploadfile_1-bd3d8a3d-82f3-4e93-a438-baa5134d45b3.jpeg,https://bijnis.app.link/vKq3BrU9NJb,178 - 196,No,187.11," 12, 13,11",White
17053,combit 2448,Distribution,K. V. FOOTWEAR,Footwear,PVC MOULDED SCHOOL SHOES,6791.0,343.0,,281.0,,43.0,2191694,https://bijnis.s3.amazonaws.com/PRODUCTION/uploads/1490485863/uploadfile_1-510a4b6e-ee9e-4622-9f6e-cd35eea9b95f.jpeg,https://bijnis.app.link/RSnEuBihqKb,192 - 212,No,201.92," 8,7",Black
17054,combit 2544,Distribution,K. V. FOOTWEAR,Footwear,PVC MOULDED SCHOOL SHOES,7018.0,339.0,,277.0,,42.0,2217978,https://bijnis.s3.amazonaws.com/PRODUCTION/uploads/1490485863/uploadfile_2-a60bdc38-918c-4c38-bc13-44a0ed097803.jpeg,https://bijnis.app.link/iKSPwQI5NJb,173 - 191,No,181.73," 12, 13,11,13",Black
17055,combit 2546,Distribution,K. V. FOOTWEAR,Footwear,PVC MOULDED SCHOOL SHOES,21335.0,138.0,,95.0,,5.0,2217981,https://bijnis.s3.amazonaws.com/PRODUCTION/uploads/1490485863/uploadfile_2-a6d37e4c-2a20-4edf-8091-b9966b7b076c.jpeg,https://bijnis.app.link/oV4HGS0XNJb,182 - 201,No,191.15," 2, 3,1",Black
17056,combit 2591,Distribution,K. V. FOOTWEAR,Footwear,PVC MOULDED SCHOOL SHOES,8795.0,295.0,,235.0,,34.0,2260278,https://bijnis.s3.amazonaws.com/PRODUCTION/uploads/1490485863/uploadfile_1-4b88c710-69b9-4fa0-b6ef-29b9fdd73794.jpeg,https://bijnis.app.link/HszwxqBbZJb,215 - 237,No,226.15," 8,7",White
17057,combit 2592,Distribution,K. V. FOOTWEAR,Footwear,PVC MOULDED SCHOOL SHOES,1822.0,611.0,,540.0,,100.0,2260283,https://bijnis.s3.amazonaws.com/PRODUCTION/uploads/1490485863/uploadfile_1-f7b0417e-1c35-402f-ba47-bc109ef8e6a1.jpeg,https://bijnis.app.link/ooQZBk15NJb,224 - 247,No,235.57,9,White
17058,combit 2947,Distribution,K. V. FOOTWEAR,Footwear,PVC MOULDED SPORTS SHOES,11053.0,213.0,,157.0,,27.0,2477669,https://bijnis.s3.amazonaws.com/PRODUCTION/uploads/uploadfile_2-214f300b-8e0c-40ed-bb4f-7b5330042b74.jpeg,https://bijnis.app.link/M084u8b0NJb,408 - 450,No,429.02," 10, 7, 8, 9,6,7","Blue,Yellow,Olive"
17059,combit 3029,Distribution,K. V. FOOTWEAR,Footwear,PVC MOULDED SPORTS SHOES,2966.0,559.0,,472.0,,76.0,2508332,https://bijnis.s3.amazonaws.com/PRODUCTION/uploads/uploadfile_2-608446d7-f6b4-4889-8b2a-c5be6742dd42.jpeg,https://bijnis.app.link/c6HjJEBaOJb,395 - 437,No,415.8," 5, 6, 7, 8,4,5",White
17060,combit 3093,Distribution,K. V. FOOTWEAR,Footwear,PVC MOULDED SPORTS SHOES,3463.0,513.0,,428.0,,68.0,2547825,https://bijnis.s3.amazonaws.com/PRODUCTION/uploads/uploadfile_2-a7e04a31-eee9-4df0-894d-f4f2ef449b30.jpeg,https://bijnis.app.link/KHmc7qIZNJb,470 - 520,No,495.12," 10, 7, 8, 9,6,7",Navy Blue
17061,combit 3126,Distribution,K. V. FOOTWEAR,Footwear,PVC MOULDED SCHOOL SHOES,1032.0,702.0,,630.0,,124.0,2569053,https://bijnis.s3.amazonaws.com/PRODUCTION/uploads/uploadfile_2-d6ae55cc-da8a-4912-a5ef-e0cd059f78dc.jpeg,https://bijnis.app.link/DhAdmlBbZJb,180 - 199,No,189.8," 7,6",White
