Platform,SubCategory,variantid,ProductName,SellerName,Color,App_Image,App_Deeplink,Avg_Price,Price_Range,VariantSize,Datetime of FirstLiveDate,rank
Distribution,Synthetic Hand Pasted Sports,2585545,ACTION  2844,MICRO INDUSTRIAL CORPORATION (BHA),Black,https://bijnis.s3.amazonaws.com/PRODUCTION/uploads/uploadfile_1-288da506-9593-4ba0-a8b5-083e3195682a.jpeg,https://bijnis.app.link/WIBxQ5GaBKb,494.85,470 - 520," 10, 7, 8, 9,6,7","20 Jun, 2024 12:10:31",1
Distribution,Synthetic Handmade Slippers,2583939,CINDY 1049,MAHARAJA SHOE COMPANY,Golden,https://bijnis.s3.amazonaws.com/PRODUCTION/uploads/uploadfile_1-0116dc9a-d351-4d79-b600-d37e2adcea7c.jpeg,https://bijnis.app.link/USwtBbFaBKb,564.03,536 - 592," 37, 38, 39, 40, 41,36","20 Jun, 2024 15:04:09",1
Distribution,Synthetic Handmade Slippers,2583940,CINDY 1049,MAHARAJA SHOE COMPANY,Silver,https://bijnis.s3.amazonaws.com/PRODUCTION/uploads/uploadfile_1-5432d1fb-96ec-4109-a267-2c3673880cb0.jpeg,https://bijnis.app.link/4FJareFaBKb,564.03,536 - 592," 37, 38, 39, 40, 41,36","20 Jun, 2024 15:04:09",1
Distribution,Synthetic Handmade Slippers,2583941,CINDY 1049,MAHARAJA SHOE COMPANY,Peach,https://bijnis.s3.amazonaws.com/PRODUCTION/uploads/uploadfile_1-5133acf5-4e28-4885-9a73-7fad79c6ad02.jpeg,https://bijnis.app.link/p8ijIwFaBKb,564.03,536 - 592," 37, 38, 39, 40, 41,36","20 Jun, 2024 15:04:09",1
Distribution,Synthetic Handmade Slippers,2583955,CINDY 1050,MAHARAJA SHOE COMPANY,Black,https://bijnis.s3.amazonaws.com/PRODUCTION/uploads/uploadfile_1-4f73a7e3-62a0-4cdd-becd-7efc66acf947.jpeg,https://bijnis.app.link/ARlWfdFaBKb,321.72,306 - 338," 37, 38, 39, 40, 41,36","20 Jun, 2024 15:04:09",1
Distribution,Synthetic Handmade Slippers,2583956,CINDY 1050,MAHARAJA SHOE COMPANY,Grey,https://bijnis.s3.amazonaws.com/PRODUCTION/uploads/uploadfile_1-99492fc8-7898-4317-a587-5f54c21ced30.jpeg,https://bijnis.app.link/ka1bThFaBKb,321.72,306 - 338," 37, 38, 39, 40, 41,36","20 Jun, 2024 15:04:09",1
Distribution,Synthetic Handmade Slippers,2583957,CINDY 1050,MAHARAJA SHOE COMPANY,Peach,https://bijnis.s3.amazonaws.com/PRODUCTION/uploads/uploadfile_1-d21b6b49-727a-483b-9400-8b5487689d00.jpeg,https://bijnis.app.link/TFXDvYEaBKb,321.72,306 - 338," 37, 38, 39, 40, 41,36","20 Jun, 2024 15:04:09",1
Distribution,Synthetic Handmade Slippers,2585170,SRX10 079,SHAH FOOTPRINT,Peach,https://bijnis.s3.amazonaws.com/PRODUCTION/uploads/uploadfile_1-1b5fc533-bf92-4291-bf84-291af9cf3061.jpeg,https://bijnis.app.link/ZKlOX4FaBKb,203.26,193 - 213," 10, 11, 8, 9,7","20 Jun, 2024 21:03:08",1
Distribution,Synthetic Handmade Slippers,2585176,SRX10 080,SHAH FOOTPRINT,White,https://bijnis.s3.amazonaws.com/PRODUCTION/uploads/uploadfile_1-bcc177aa-b1d4-4c9a-82af-a694a688a636.jpeg,https://bijnis.app.link/YTl7CiGaBKb,217.28,206 - 228," 10, 11, 8, 9,7","20 Jun, 2024 21:03:08",1
Distribution,Synthetic Handmade Slippers,2585194,SRX10 082,SHAH FOOTPRINT,Peach,https://bijnis.s3.amazonaws.com/PRODUCTION/uploads/uploadfile_1-d5703445-e325-4d1b-813a-5c1a2a71333a.jpeg,https://bijnis.app.link/qjAAraGaBKb,224.29,213 - 236," 10, 11, 8, 9,7","20 Jun, 2024 21:03:08",1
Distribution,Synthetic Handmade Slippers,2585203,SRX10 083,SHAH FOOTPRINT,Black,https://bijnis.s3.amazonaws.com/PRODUCTION/uploads/uploadfile_1-5d93357e-9a47-412d-8d22-5bd272aea9f6.jpeg,https://bijnis.app.link/rZ5LC2FaBKb,224.29,213 - 236," 10, 11, 8, 9,7","20 Jun, 2024 21:03:08",1
Distribution,Synthetic Handmade Slippers,2585210,SRX10 084,SHAH FOOTPRINT,Pista Green,https://bijnis.s3.amazonaws.com/PRODUCTION/uploads/uploadfile_1-c0faf6fa-cf67-492e-8622-4e7e2d1759fa.jpeg,https://bijnis.app.link/IhbAd6FaBKb,217.28,206 - 228," 10, 11, 8, 9,7","20 Jun, 2024 21:03:08",1
Distribution,Synthetic Handmade Slippers,2585228,SRX10 085,SHAH FOOTPRINT,Peach,https://bijnis.s3.amazonaws.com/PRODUCTION/uploads/uploadfile_1-2f43622b-300a-440c-ba75-aea2a6f88319.jpeg,https://bijnis.app.link/XLIQo2FaBKb,217.28,206 - 228," 10, 11, 8, 9,7","20 Jun, 2024 21:03:08",1
Distribution,Synthetic Handmade Slippers,2585242,SRX10 086,SHAH FOOTPRINT,Peach,https://bijnis.s3.amazonaws.com/PRODUCTION/uploads/uploadfile_1-da5ef158-425b-40af-b37b-d33513eebd68.jpeg,https://bijnis.app.link/f2G9QoGaBKb,231.30,220 - 243," 10, 11, 8, 9,7","20 Jun, 2024 21:03:08",1
Distribution,Synthetic Handmade Slippers,2585246,SRX10 087,SHAH FOOTPRINT,Pista Green,https://bijnis.s3.amazonaws.com/PRODUCTION/uploads/uploadfile_1-4eb3d703-001e-4153-8aaf-5ca6e12d5e78.jpeg,https://bijnis.app.link/bdcPS3FaBKb,231.30,220 - 243," 10, 11, 8, 9,7","20 Jun, 2024 21:03:08",1
Distribution,Synthetic Handmade Slippers,2585260,SRX10 088,SHAH FOOTPRINT,Peach,https://bijnis.s3.amazonaws.com/PRODUCTION/uploads/uploadfile_1-56eeb4e1-7c32-4a1b-ad60-97dee1a7755a.jpeg,https://bijnis.app.link/C6sF15FaBKb,231.30,220 - 243," 10, 11, 8, 9,7","20 Jun, 2024 21:03:08",1
Distribution,Synthetic Handmade Slippers,2585267,SRX10 089,SHAH FOOTPRINT,White,https://bijnis.s3.amazonaws.com/PRODUCTION/uploads/uploadfile_1-47f0791d-1cf1-497c-bb0e-a18ecafcb8f8.jpeg,https://bijnis.app.link/P8CNOkGaBKb,224.29,213 - 236," 10, 11, 8, 9,7","20 Jun, 2024 21:03:08",1
Distribution,Synthetic Handmade Slippers,2585275,SRX10 090,SHAH FOOTPRINT,Dark green,https://bijnis.s3.amazonaws.com/PRODUCTION/uploads/uploadfile_1-5cbaae54-aff5-42b3-b917-bd7a2f48931c.jpeg,https://bijnis.app.link/74KycoGaBKb,231.30,220 - 243," 10, 11, 8, 9,7","20 Jun, 2024 21:03:08",1
Distribution,dresses & gowns,2585085,Kavshil 337,KAVSHIL ENTERPRISES,"Red, ",https://bijnis.s3.amazonaws.com/PRODUCTION/uploads/uploadfile_1-13ef9d79-3fdf-4c19-b05c-2907c44d5238.jpeg,https://bijnis.app.link/sENMeWFaBKb,216.10,205 - 227," 6Y-7Y, 7Y-8Y,5Y-6Y","20 Jun, 2024 12:00:42",1
Distribution,dresses & gowns,2585478,Kavshil 338,KAVSHIL ENTERPRISES,"Red, ",https://bijnis.s3.amazonaws.com/PRODUCTION/uploads/uploadfile_1-523eacc0-1c14-4802-abca-8c74468c6bf4.jpeg,https://bijnis.app.link/bKEWaSGaBKb,229.04,218 - 240," 9Y-10Y,8Y-9Y","20 Jun, 2024 18:00:41",1
Distribution,dresses & gowns,2585487,Kavshil 339,KAVSHIL ENTERPRISES,"Pink, ",https://bijnis.s3.amazonaws.com/PRODUCTION/uploads/uploadfile_1-6d374f24-686e-47b6-bcf9-b4cbcac663ae.jpeg,https://bijnis.app.link/Ru221ZGaBKb,229.04,218 - 240," 6Y-7Y, 7Y-8Y,5Y-6Y","20 Jun, 2024 18:00:41",1
Distribution,dresses & gowns,2585501,Kavshil 340,KAVSHIL ENTERPRISES,"Pink, ",https://bijnis.s3.amazonaws.com/PRODUCTION/uploads/uploadfile_1-45825702-3966-4ab6-870e-2d1ab91414bc.jpeg,https://bijnis.app.link/RsQYSdHaBKb,229.04,218 - 240," 9Y-10Y,8Y-9Y","20 Jun, 2024 18:00:41",1
Distribution,dresses & gowns,2585509,Kavshil 341,KAVSHIL ENTERPRISES,"Blue, ",https://bijnis.s3.amazonaws.com/PRODUCTION/uploads/uploadfile_1-b00b25af-e200-49a3-afbd-8885355b850d.jpeg,https://bijnis.app.link/WTv6K3GaBKb,227.75,216 - 239," 6Y-7Y, 7Y-8Y,5Y-6Y","20 Jun, 2024 18:00:41",1
Distribution,dresses & gowns,2585522,Kavshil 342,KAVSHIL ENTERPRISES,"Blue, ",https://bijnis.s3.amazonaws.com/PRODUCTION/uploads/uploadfile_1-aa0d5e31-d195-44a5-bcdb-2fc19fea713c.jpeg,https://bijnis.app.link/c29D3eHaBKb,230.34,219 - 242," 9Y-10Y,8Y-9Y","20 Jun, 2024 18:00:41",1
Distribution,eva full moulded sandals,2585511,BERSACHE 893,BERSACHE SPORTS INTERNATIONAL PRIVATE,Camel,https://bijnis.s3.amazonaws.com/PRODUCTION/uploads/uploadfile_1-98ba7d45-c554-4f27-bfd8-1014253c3263.jpeg,https://bijnis.app.link/pdmUC5GaBKb,187.11,178 - 196,,"20 Jun, 2024 12:07:31",1
Distribution,eva full moulded sandals,2585512,BERSACHE 893,BERSACHE SPORTS INTERNATIONAL PRIVATE,Charcoal Grey,https://bijnis.s3.amazonaws.com/PRODUCTION/uploads/uploadfile_1-faf7cfb5-8473-4415-9593-63b33ae35217.jpeg,https://bijnis.app.link/qaudVSGaBKb,187.11,178 - 196,,"20 Jun, 2024 12:07:31",1
Distribution,eva full moulded sandals,2585513,BERSACHE 834,BERSACHE SPORTS INTERNATIONAL PRIVATE,Sea Green,https://bijnis.s3.amazonaws.com/PRODUCTION/uploads/uploadfile_1-9c5b571a-8991-4b11-ad84-837a05413680.jpeg,https://bijnis.app.link/REiu78GaBKb,161.54,153 - 170,,"20 Jun, 2024 12:07:31",1
Distribution,eva full moulded sandals,2585514,BERSACHE 834,BERSACHE SPORTS INTERNATIONAL PRIVATE,Navy Blue,https://bijnis.s3.amazonaws.com/PRODUCTION/uploads/uploadfile_1-51e3f1a4-c40a-4954-9123-36752a909c0d.jpeg,https://bijnis.app.link/hgIJZ4GaBKb,161.54,153 - 170,,"20 Jun, 2024 12:07:31",1
Distribution,eva full moulded sandals,2585515,BERSACHE 818,BERSACHE SPORTS INTERNATIONAL PRIVATE,Olive,https://bijnis.s3.amazonaws.com/PRODUCTION/uploads/uploadfile_1-9f58d6dd-70ca-4a6d-907e-0a7d498d8291.jpeg,https://bijnis.app.link/fi2GW8GaBKb,161.54,153 - 170,,"20 Jun, 2024 12:07:31",1
Distribution,eva full moulded sandals,2585516,BERSACHE 818,BERSACHE SPORTS INTERNATIONAL PRIVATE,Grey Melange,https://bijnis.s3.amazonaws.com/PRODUCTION/uploads/uploadfile_1-028e032b-a175-43c7-923c-7be64d31320c.jpeg,https://bijnis.app.link/99n3j6GaBKb,161.54,153 - 170,,"20 Jun, 2024 12:07:31",1
Distribution,eva full moulded sandals,2585517,BERSACHE 831,BERSACHE SPORTS INTERNATIONAL PRIVATE,Grey Melange,https://bijnis.s3.amazonaws.com/PRODUCTION/uploads/uploadfile_1-f9ddedea-2869-461f-a9b0-dd4e11be82dc.jpeg,https://bijnis.app.link/3mLenmHaBKb,161.54,153 - 170,,"20 Jun, 2024 12:07:31",1
Distribution,eva full moulded sandals,2585518,BERSACHE 833,BERSACHE SPORTS INTERNATIONAL PRIVATE,White,https://bijnis.s3.amazonaws.com/PRODUCTION/uploads/uploadfile_1-784ffd7a-ddad-4600-8926-7c72e0f3ffbd.jpeg,https://bijnis.app.link/hvl2BhHaBKb,199.23,189 - 209,,"20 Jun, 2024 12:07:31",1
Distribution,eva full moulded shoes,2585833,PODDAR 2446,S S Lifestyle,Black,https://bijnis.s3.amazonaws.com/PRODUCTION/uploads/uploadfile_1-dfff2fe0-9f27-41ce-a1f6-5fcc20021627.jpeg,https://bijnis.app.link/gxIUfvHaBKb,130.34,124 - 137," 10, 7, 8, 9,6,7","20 Jun, 2024 18:06:39",1
Distribution,eva full moulded slippers,2585379,eva shine 405,Goel industries,Black,https://prod-seller-app-bucket.s3.ap-south-1.amazonaws.com/production/nekxvauqi/files/smmgnmldk,https://bijnis.app.link/v4NjvCGaBKb,80.98,77 - 85," 10, 7, 8, 9,6","20 Jun, 2024 12:00:28",1
Distribution,eva full moulded slippers,2585396,WALKAROO 6978,JK FOOTWEAR,Aqua,https://bijnis.s3.amazonaws.com/PRODUCTION/uploads/uploadfile_1-ffc0963e-7b77-4025-b2ee-ce111a096c6a.png,https://bijnis.app.link/xS7UIOlMzKb,236.88,225 - 249," 10, 8, 9,7","20 Jun, 2024 00:01:30",2
Distribution,eva full moulded slippers,2585397,WALKAROO 6978,JK FOOTWEAR,Olive,https://bijnis.s3.amazonaws.com/PRODUCTION/uploads/uploadfile_1-6d27ac37-0d08-4b2d-a5f7-286de8d63772.png,https://bijnis.app.link/LuZZeIlMzKb,236.88,225 - 249," 10, 8, 9,7","20 Jun, 2024 00:01:30",1
Distribution,eva moulded slippers,2585119,WEMATE 088,RS ENTERPRISES,Pista Green,https://bijnis.s3.amazonaws.com/PRODUCTION/uploads/uploadfile_1-f9220704-9cb8-464e-bfaa-f1457d2783f6.jpeg,https://bijnis.app.link/8VRrFIFaBKb,110.74,105 - 116," 6, 7, 8,5","20 Jun, 2024 12:05:45",1
Distribution,eva moulded slippers,2585126,WEMATE 089,RS ENTERPRISES,Light Blue,https://bijnis.s3.amazonaws.com/PRODUCTION/uploads/uploadfile_1-85684455-e08c-4f43-ab3d-59759904fe8d.jpeg,https://bijnis.app.link/27TmdWFaBKb,110.74,105 - 116," 6, 7, 8,5","20 Jun, 2024 12:05:45",1
Distribution,eva moulded slippers,2585141,WEMATE 090,RS ENTERPRISES,Pista Green,https://bijnis.s3.amazonaws.com/PRODUCTION/uploads/uploadfile_1-4e81e005-3d4c-4a63-8e7d-c1a63332f503.jpeg,https://bijnis.app.link/NyLiE1FaBKb,116.35,111 - 122," 6, 7, 8,5","20 Jun, 2024 12:05:45",1
Distribution,eva moulded slippers,2585154,WEMATE 091,RS ENTERPRISES,Maroon,https://bijnis.s3.amazonaws.com/PRODUCTION/uploads/uploadfile_1-819d867d-fb7f-4f24-bcb7-ab47601d9886.jpeg,https://bijnis.app.link/DljFbWFaBKb,116.35,111 - 122," 6, 7, 8,5","20 Jun, 2024 12:05:45",1
Distribution,eva moulded slippers,2585167,WEMATE 092,RS ENTERPRISES,Pink,https://bijnis.s3.amazonaws.com/PRODUCTION/uploads/uploadfile_1-146e5f39-211f-4984-9152-ddd9599f1ea1.jpeg,https://bijnis.app.link/UPoEEhGaBKb,116.35,111 - 122," 6, 7, 8,5","20 Jun, 2024 12:05:45",1
Distribution,eva moulded slippers,2585174,WEMATE 093,RS ENTERPRISES,Multicolor,https://bijnis.s3.amazonaws.com/PRODUCTION/uploads/uploadfile_1-767014ec-ce1b-4b09-b25f-2139e503ce99.jpeg,https://bijnis.app.link/EEF4DaGaBKb,116.35,111 - 122," 6, 7, 8,5","20 Jun, 2024 12:05:45",1
Distribution,eva moulded slippers,2585181,WEMATE 094,RS ENTERPRISES,Pink,https://bijnis.s3.amazonaws.com/PRODUCTION/uploads/uploadfile_1-e5ec2b9a-87e6-456a-aebb-d0ae248fd081.jpeg,https://bijnis.app.link/YrLvSyGaBKb,98.13,93 - 103," 6, 7, 8,5","20 Jun, 2024 12:05:45",1
Distribution,eva moulded slippers,2585184,WEMATE 095,RS ENTERPRISES,Light Blue,https://bijnis.s3.amazonaws.com/PRODUCTION/uploads/uploadfile_1-ae9d6a98-2868-41e3-b6a0-93005c0661d1.jpeg,https://bijnis.app.link/c0cIg6FaBKb,98.13,93 - 103," 6, 7, 8,5","20 Jun, 2024 12:05:45",1
Distribution,eva moulded slippers,2585188,WEMATE 096,RS ENTERPRISES,Multicolor,https://bijnis.s3.amazonaws.com/PRODUCTION/uploads/uploadfile_1-0f5a9251-1681-4450-b7ae-b55752ae99c8.jpeg,https://bijnis.app.link/l4umlYFaBKb,105.13,100 - 110," 6, 7, 8,5","20 Jun, 2024 12:05:45",1
Distribution,eva moulded slippers,2585192,WEMATE 097,RS ENTERPRISES,Light Pink,https://bijnis.s3.amazonaws.com/PRODUCTION/uploads/uploadfile_1-07a97b0c-c8f6-4ddc-8fbc-dd4070eee6f9.jpeg,https://bijnis.app.link/2Rg1A0FaBKb,105.13,100 - 110," 6, 7, 8,5","20 Jun, 2024 12:05:45",1
Distribution,eva moulded slippers,2585196,WEMATE 098,RS ENTERPRISES,Light Blue,https://bijnis.s3.amazonaws.com/PRODUCTION/uploads/uploadfile_1-19d517e4-f5c7-42d7-a3d5-1e1d8144bf3a.jpeg,https://bijnis.app.link/58i414FaBKb,105.13,100 - 110," 6, 7, 8,5","20 Jun, 2024 12:05:45",1
Distribution,eva moulded slippers,2585372,Borch 075,Borch group,Multicolor,https://prod-seller-app-bucket.s3.ap-south-1.amazonaws.com/production/rrsvvpac4/files/47idxbdyc,https://bijnis.app.link/xiaEEhGaBKb,406.52,386 - 427," 10, 8, 9,7","20 Jun, 2024 12:05:50",1
Distribution,eva moulded slippers,2585374,Borch 076,Borch group,Multicolor,https://prod-seller-app-bucket.s3.ap-south-1.amazonaws.com/production/snrvw5tnp/files/cvvpfzwut,https://bijnis.app.link/9J2KKuGaBKb,406.52,386 - 427," 10, 8, 9,7","20 Jun, 2024 12:05:50",1
Distribution,eva moulded slippers,2585376,Borch 077,Borch group,Multicolor,https://prod-seller-app-bucket.s3.ap-south-1.amazonaws.com/production/@@s$95y@6/files/v63iq7nky,https://bijnis.app.link/GJGnmPGaBKb,406.52,386 - 427," 10, 8, 9,7","20 Jun, 2024 12:05:50",1
Distribution,eva moulded slippers,2585377,Borch 078,Borch group,Multicolor,https://prod-seller-app-bucket.s3.ap-south-1.amazonaws.com/production/7jmtssjpv/files/bag04oa6b,https://bijnis.app.link/2AU5TzGaBKb,406.52,386 - 427," 10, 8, 9,7","20 Jun, 2024 12:05:50",1
Distribution,eva moulded slippers,2585378,Borch 079,Borch group,Multicolor,https://prod-seller-app-bucket.s3.ap-south-1.amazonaws.com/production/l8b1rdqhc/files/1qk9sp@at,https://bijnis.app.link/BL0MAzGaBKb,406.52,386 - 427," 10, 8, 9,7","20 Jun, 2024 12:05:50",1
Distribution,eva moulded slippers,2585572,AMK 437,ARH ENTERPRISES,Black,https://bijnis.s3.amazonaws.com/PRODUCTION/uploads/uploadfile_5-8a8b6008-bfaf-46d1-a1dc-566de608efea.jpeg,https://bijnis.app.link/qwJadgHaBKb,98.11,93 - 103," 3c, 4c, 5c,2c","20 Jun, 2024 12:07:51",1
Distribution,eva moulded slippers,2585573,AMK 437,ARH ENTERPRISES,Red,https://bijnis.s3.amazonaws.com/PRODUCTION/uploads/uploadfile_5-fd829a32-34f0-4954-add8-47c1c7f2dc4f.jpeg,https://bijnis.app.link/V2MsZbHaBKb,98.11,93 - 103," 3c, 4c, 5c,2c","20 Jun, 2024 12:07:51",1
Distribution,eva moulded slippers,2585574,AMK 437,ARH ENTERPRISES,Dark grey,https://bijnis.s3.amazonaws.com/PRODUCTION/uploads/uploadfile_5-91a5cc5c-a9ec-4f62-bf84-1776d2100bc3.jpeg,https://bijnis.app.link/M7vlZjHaBKb,98.11,93 - 103," 3c, 4c, 5c,2c","20 Jun, 2024 12:07:51",1
Distribution,eva moulded slippers,2585575,AMK 437,ARH ENTERPRISES,White,https://bijnis.s3.amazonaws.com/PRODUCTION/uploads/uploadfile_2-6375ca7c-ea7d-4e3b-8008-d12c5371a8f0.jpeg,https://bijnis.app.link/OIcEnlHaBKb,98.11,93 - 103," 3c, 4c, 5c,2c","20 Jun, 2024 12:07:51",1
Distribution,eva moulded slippers,2585576,AMK 437,ARH ENTERPRISES,Dark green,https://bijnis.s3.amazonaws.com/PRODUCTION/uploads/uploadfile_5-6be07e1f-34d3-401c-9da3-cbbe17838be4.jpeg,https://bijnis.app.link/d29D3eHaBKb,98.11,93 - 103," 3c, 4c, 5c,2c","20 Jun, 2024 12:07:51",1
Distribution,fabrication slippers,2585358,WALKAROO 10053,JK FOOTWEAR,Black,https://bijnis.s3.amazonaws.com/PRODUCTION/uploads/uploadfile_1-489a8f32-5f13-4d4d-9e5e-10cb045a3d07.png,https://bijnis.app.link/Z0IcJOlMzKb,186.48,177 - 196," 6, 7, 8,5","20 Jun, 2024 00:01:30",1
Distribution,jeans,2585923,PLOUNGE JEANS 071,J. P. CREATION,Pista Green,https://bijnis.s3.amazonaws.com/PRODUCTION/uploads/uploadfile_6-4bda725c-5b7c-47e6-a84c-2562242dac1e.jpeg,https://bijnis.app.link/I0ykKxHaBKb,,," 30, 32, 34, 36,28,30","20 Jun, 2024 18:02:43",1
Distribution,machine pasted sports shoes,2585091,campus 11651,CAMPUS ACTIVEWEAR LTD,Brown,https://bijnis.s3.amazonaws.com/PRODUCTION/uploads/uploadfile_1-eefb540e-465b-43ef-8756-9d81732c82f8.jpeg,https://bijnis.app.link/K2OrRYFaBKb,810.97,770 - 852," 10, 7, 8, 9,10,6,7,8,9","20 Jun, 2024 18:06:36",1
Distribution,machine pasted sports shoes,2585173,ACTION  3452,MICRO INDUSTRIAL CORPORATION (BHA),White,https://bijnis.s3.amazonaws.com/PRODUCTION/uploads/uploadfile_1-edfad81f-1d4b-4248-b018-4e0a26e15b91.jpeg,https://bijnis.app.link/sSFDfWFaBKb,927.18,881 - 974," 10, 7, 8, 9,6,7","20 Jun, 2024 18:09:09",1
Distribution,machine pasted sports shoes,2585177,ACTION  3453,MICRO INDUSTRIAL CORPORATION (BHA),Blue,https://bijnis.s3.amazonaws.com/PRODUCTION/uploads/uploadfile_1-91c77554-d2ca-4e7a-a568-d80ff37cc02b.jpeg,https://bijnis.app.link/mXYQC6FaBKb,868.58,825 - 912,,"20 Jun, 2024 18:09:09",1
Distribution,machine pasted sports shoes,2585178,ACTION  3453,MICRO INDUSTRIAL CORPORATION (BHA),White,https://bijnis.s3.amazonaws.com/PRODUCTION/uploads/uploadfile_1-6eac12d6-5454-4520-9fbc-ba491c2941f5.jpeg,https://bijnis.app.link/LjOF9eGaBKb,868.58,825 - 912,,"20 Jun, 2024 18:09:09",1
Distribution,machine pasted sports shoes,2585183,ACTION  3454,MICRO INDUSTRIAL CORPORATION (BHA),Black,https://bijnis.s3.amazonaws.com/PRODUCTION/uploads/uploadfile_1-95e59100-496e-465b-a7ed-a638085a4df7.jpeg,https://bijnis.app.link/SgWsf7FaBKb,1101.68,1047 - 1157," 10, 7, 8, 9,6,7","20 Jun, 2024 18:09:09",1
Distribution,machine pasted sports shoes,2585189,ACTION  3455,MICRO INDUSTRIAL CORPORATION (BHA),Navy Blue,https://bijnis.s3.amazonaws.com/PRODUCTION/uploads/uploadfile_1-78d74200-73de-4c69-9643-957cfd35d7de.jpeg,https://bijnis.app.link/jplL23FaBKb,752.69,715 - 790," 10, 7, 8, 9,6,7","20 Jun, 2024 18:09:09",1
Distribution,machine pasted sports shoes,2585528,Action Athleo 060,MICRO INDUSTRIAL CORPORATION (BHA),Black,https://bijnis.s3.amazonaws.com/PRODUCTION/uploads/uploadfile_1-9f65222b-f654-4236-92ae-64b6c9099fff.jpeg,https://bijnis.app.link/oDQBXRGaBKb,1119.91,1064 - 1176," 10, 7, 8, 9,6,7","20 Jun, 2024 12:10:31",1
Distribution,machine pasted sports shoes,2585529,Action Athleo 060,MICRO INDUSTRIAL CORPORATION (BHA),Blue,https://bijnis.s3.amazonaws.com/PRODUCTION/uploads/uploadfile_1-b2878828-da95-43f7-9bbd-b925e1df2aa3.jpeg,https://bijnis.app.link/mwIBT3GaBKb,1119.91,1064 - 1176," 10, 7, 8, 9,6,7","20 Jun, 2024 12:10:31",1
Distribution,machine pasted sports shoes,2585530,ACTION  3213,MICRO INDUSTRIAL CORPORATION (BHA),White,https://bijnis.s3.amazonaws.com/PRODUCTION/uploads/uploadfile_1-47ec6f62-72a0-4dd6-9e9a-65d43d072039.jpeg,https://bijnis.app.link/BvXxsiHaBKb,935.00,888 - 982," 10, 7, 8, 9,6,7","20 Jun, 2024 12:10:31",1
Distribution,machine pasted sports shoes,2585531,Action Athleo 051,MICRO INDUSTRIAL CORPORATION (BHA),Navy Blue,https://bijnis.s3.amazonaws.com/PRODUCTION/uploads/uploadfile_1-e0bdd8b5-89d1-4b51-90c2-026fee24fc7f.jpeg,https://bijnis.app.link/nuJLLlHaBKb,824.31,783 - 866," 10, 7, 8, 9,6,7","20 Jun, 2024 12:10:31",1
Distribution,machine pasted sports shoes,2585534,Action Athleo 065,MICRO INDUSTRIAL CORPORATION (BHA),Grey,https://bijnis.s3.amazonaws.com/PRODUCTION/uploads/uploadfile_2-0baf8e8a-49c5-4235-afde-ffe714c0f06e.jpeg,https://bijnis.app.link/NdnzclHaBKb,384.16,365 - 403," 5, 6, 7, 8,4,5","20 Jun, 2024 12:10:31",1
Distribution,machine pasted sports shoes,2585535,Action Athleo 065,MICRO INDUSTRIAL CORPORATION (BHA),Blue,https://bijnis.s3.amazonaws.com/PRODUCTION/uploads/uploadfile_1-0ff15346-3ba5-47ee-8a9b-07280118cee4.jpeg,https://bijnis.app.link/bwPC4UGaBKb,384.16,365 - 403," 5, 6, 7, 8,4,5","20 Jun, 2024 12:10:31",1
Distribution,machine pasted sports shoes,2585536,Action Athleo 064,MICRO INDUSTRIAL CORPORATION (BHA),Pink,https://bijnis.s3.amazonaws.com/PRODUCTION/uploads/uploadfile_1-05ee0348-3aee-4744-8f77-5e1b880921e2.jpeg,https://bijnis.app.link/xqebu2GaBKb,658.93,626 - 692," 5, 6, 7, 8,4,5","20 Jun, 2024 12:10:31",1
Distribution,machine pasted sports shoes,2585537,Action Athleo 050,MICRO INDUSTRIAL CORPORATION (BHA),Pink,https://bijnis.s3.amazonaws.com/PRODUCTION/uploads/uploadfile_1-9e2e3d02-c23d-4b72-98e4-7900204263a9.jpeg,https://bijnis.app.link/e5Jeu4GaBKb,879.00,835 - 923," 5, 6, 7, 8,4,5","20 Jun, 2024 12:10:31",1
Distribution,machine pasted sports shoes,2585538,Action Athleo 057,MICRO INDUSTRIAL CORPORATION (BHA),Purple,https://bijnis.s3.amazonaws.com/PRODUCTION/uploads/uploadfile_1-49f6cca4-7ed0-4947-992e-aeb0450da8b6.jpeg,https://bijnis.app.link/aXd9alHaBKb,879.00,835 - 923," 5, 6, 7, 8,4,5","20 Jun, 2024 12:10:31",1
Distribution,machine pasted sports shoes,2585540,ACTION  3091,MICRO INDUSTRIAL CORPORATION (BHA),Navy Blue,https://bijnis.s3.amazonaws.com/PRODUCTION/uploads/uploadfile_1-95b5377f-a740-4eac-a538-ebd5ac5e85b4.jpeg,https://bijnis.app.link/3bqpohHaBKb,463.59,440 - 487," 10, 7, 8, 9,6,7","20 Jun, 2024 12:10:31",1
Distribution,machine pasted sports shoes,2585541,ACTION  3222,MICRO INDUSTRIAL CORPORATION (BHA),Grey,https://bijnis.s3.amazonaws.com/PRODUCTION/uploads/uploadfile_1-fcf053f8-281f-4f7b-bca6-a6c1d0d8e4ab.jpeg,https://bijnis.app.link/W0mHe8GaBKb,742.27,705 - 779," 10, 7, 8, 9,6,7","20 Jun, 2024 12:10:31",1
Distribution,machine pasted sports shoes,2585543,Action Athleo 068,MICRO INDUSTRIAL CORPORATION (BHA),Grey,https://bijnis.s3.amazonaws.com/PRODUCTION/uploads/uploadfile_1-38d50e5e-39d9-420a-b395-963612ace84a.jpeg,https://bijnis.app.link/5pqSskHaBKb,438.85,417 - 461," 5, 6, 7, 8,4,5","20 Jun, 2024 12:10:31",1
Distribution,machine pasted sports shoes,2585546,ACTION  3295,MICRO INDUSTRIAL CORPORATION (BHA),Black,https://bijnis.s3.amazonaws.com/PRODUCTION/uploads/uploadfile_1-e82ec05a-3ff3-4ff7-bbae-9204ebeb7a8f.jpeg,https://bijnis.app.link/bbioLaHaBKb,714.92,679 - 751," 5, 6, 7, 8,4,5","20 Jun, 2024 12:10:31",1
Distribution,machine pasted sports shoes,2585958,ACTION  3453,MICRO INDUSTRIAL CORPORATION (BHA),Grey,https://bijnis.s3.amazonaws.com/PRODUCTION/uploads/uploadfile_1-83087022-d645-4c0e-9d5c-6ad057470827.jpeg,https://bijnis.app.link/inVH8vHaBKb,868.58,825 - 912,,"20 Jun, 2024 18:09:09",1
Distribution,machine pasted sports shoes,2585959,Action Athleo 051,MICRO INDUSTRIAL CORPORATION (BHA),Royal blue,https://bijnis.s3.amazonaws.com/PRODUCTION/uploads/uploadfile_1-2d168a8d-8c9d-4b10-879b-345ea94cf810.jpeg,https://bijnis.app.link/nneI3uHaBKb,824.31,783 - 866,,"20 Jun, 2024 18:09:09",1
Distribution,pu moulded sandals,2521320,Khadim 1114,C-VAK TRAIL,Black,https://bijnis.s3.amazonaws.com/PRODUCTION/uploads/uploadfile_1-9feffae1-ccaa-4625-8c1a-f84e867b1050.jpeg,https://bijnis.app.link/W30Aq1CaBKb,235.33,224 - 247," 5, 6, 7,4","20 Jun, 2024 21:01:29",1
Distribution,pu moulded sandals,2521386,Khadim 1117,C-VAK TRAIL,Tan,https://bijnis.s3.amazonaws.com/PRODUCTION/uploads/uploadfile_1-452025de-4693-4567-a394-31f5d15089de.jpeg,https://bijnis.app.link/ZO8l32CaBKb,276.98,263 - 291," 5, 6, 7,4","20 Jun, 2024 21:01:29",1
Distribution,pu moulded sandals,2555071,SPARX 6526,JK FOOTWEAR,Black,https://bijnis.s3.amazonaws.com/PRODUCTION/uploads/uploadfile_1-b8f42271-f800-4d07-a0bb-25437d421c57.jpeg,https://bijnis.app.link/PWDwgEDaBKb,539.28,512 - 566,"10,6,7,8,9","20 Jun, 2024 15:05:33",1
Distribution,pu moulded sandals,2585708,PU RDS 056,JSS TRADERS,Multicolor,https://prod-seller-app-bucket.s3.ap-south-1.amazonaws.com/production/9u8u6ayr5/files/cvv$yzjrr,https://bijnis.app.link/aQLqEnHaBKb,98.13,93 - 103," 12c, 13c, 1Y, 2Y, 3Y,11c,1Y","20 Jun, 2024 15:11:57",1
Distribution,pu moulded slippers,2523780,Khadim 1126,C-VAK TRAIL,Blue,https://bijnis.s3.amazonaws.com/PRODUCTION/uploads/uploadfile_1-13a99b45-6577-454d-9092-fdea405b2379.jpeg,https://bijnis.app.link/onJQ35CaBKb,158.97,151 - 167," 3c, 4c, 5c,2c","20 Jun, 2024 21:01:29",1
Distribution,pu moulded slippers,2584055,PU RDS 049,JSS TRADERS,Multicolor,https://prod-seller-app-bucket.s3.ap-south-1.amazonaws.com/production/wvbop8ubd/files/g6ab9uwyf,https://bijnis.app.link/Y431SgFaBKb,110.75,105 - 116," 6, 7, 8,5","20 Jun, 2024 18:06:33",1
Distribution,pu moulded slippers,2584057,PU RDS 050,JSS TRADERS,Multicolor,https://prod-seller-app-bucket.s3.ap-south-1.amazonaws.com/production/qmyzgqzv2/files/hdnft93vd,https://bijnis.app.link/jnidG7EaBKb,110.75,105 - 116," 6, 7, 8,5","20 Jun, 2024 18:06:33",1
Distribution,pu moulded slippers,2584059,PU RDS 051,JSS TRADERS,Multicolor,https://prod-seller-app-bucket.s3.ap-south-1.amazonaws.com/production/8qakteogh/files/pvb5d3qev,https://bijnis.app.link/QJ9pwkFaBKb,110.75,105 - 116," 6, 7, 8,5","20 Jun, 2024 18:06:33",1
Distribution,pu moulded slippers,2584065,PU RDS 052,JSS TRADERS,Multicolor,https://prod-seller-app-bucket.s3.ap-south-1.amazonaws.com/production/i55hfzb0t/files/2kdyb0zdm,https://bijnis.app.link/DNT8AgFaBKb,112.15,107 - 118," 6, 7, 8,5","20 Jun, 2024 18:06:33",1
Distribution,pu moulded slippers,2584973,WALKAROO 10049,JK FOOTWEAR,Black,https://bijnis.s3.amazonaws.com/PRODUCTION/uploads/uploadfile_1-c63c940c-dcb0-4c9f-a49e-d4e298adf885.png,https://bijnis.app.link/LsAraIlMzKb,460.08,437 - 483," 10, 9,8","20 Jun, 2024 00:01:30",1
Distribution,pu moulded slippers,2585017,PU RDS 053,JSS TRADERS,Multicolor,https://prod-seller-app-bucket.s3.ap-south-1.amazonaws.com/production/pgmcomz5c/files/uv0ctk$@z,https://bijnis.app.link/xhoaWNFaBKb,112.15,107 - 118," 6, 7, 8,5","20 Jun, 2024 18:06:33",1
Distribution,pu moulded slippers,2585024,PU RDS 054,JSS TRADERS,Multicolor,https://prod-seller-app-bucket.s3.ap-south-1.amazonaws.com/production/zbni4scj0/files/u7kbtlsla,https://bijnis.app.link/wIwETIFaBKb,112.15,107 - 118," 6, 7, 8,5","20 Jun, 2024 18:06:33",1
Distribution,pu moulded slippers,2585075,FLITE 6880,JK FOOTWEAR,Peach,https://bijnis.s3.amazonaws.com/PRODUCTION/uploads/uploadfile_1-542b423c-30bd-4e4a-b6df-f003b74eefe5.jpeg,https://bijnis.app.link/otv18RFaBKb,237.24,225 - 249,"4,5,6,7,8","20 Jun, 2024 15:05:33",1
Distribution,pu moulded slippers,2585166,Mark 1269,CVAK Enterprise,Brown,https://bijnis.s3.amazonaws.com/PRODUCTION/uploads/uploadfile_1-730967d7-cdc1-4ea7-969b-83a8b66ed0f5.jpeg,https://bijnis.app.link/1AReuVFaBKb,342.24,325 - 359," 10, 8, 9,7","20 Jun, 2024 12:05:57",1
Distribution,pu moulded slippers,2585193,FLITE 6883,JK FOOTWEAR,Brown,https://bijnis.s3.amazonaws.com/PRODUCTION/uploads/uploadfile_1-fbd73105-89cf-4bb8-ae42-8f952153f9e8.jpeg,https://bijnis.app.link/BywhDJlMzKb,208.44,198 - 219," 7,4,5,6,7","20 Jun, 2024 00:01:30",1
Distribution,pu moulded slippers,2585214,WALKAROO 10051,JK FOOTWEAR,Blue,https://bijnis.s3.amazonaws.com/PRODUCTION/uploads/uploadfile_1-2b5de4f5-31b4-421f-bf4f-6e9308a49e6c.png,https://bijnis.app.link/bBFUIHlMzKb,182.88,174 - 192," 6, 7, 9,5,6","20 Jun, 2024 00:01:30",1
Distribution,pu moulded slippers,2585239,WALKAROO 10052,JK FOOTWEAR,Grey,https://bijnis.s3.amazonaws.com/PRODUCTION/uploads/uploadfile_1-3dab085d-ef1c-49b3-8f47-5877f8f72fd8.png,https://bijnis.app.link/jYVJ5GlMzKb,193.68,184 - 203," 6, 8,5,7","20 Jun, 2024 00:01:30",1
Distribution,pu moulded slippers,2585510,AeroStyle 2550,CVAK Enterprise,Peach,https://bijnis.s3.amazonaws.com/PRODUCTION/uploads/uploadfile_1-28f694aa-e47d-423c-9ea9-30cb78815e2b.jpeg,https://bijnis.app.link/RLsdL2GaBKb,174.67,166 - 183," 7, 8, 9,6","20 Jun, 2024 12:05:57",1
Distribution,pu moulded slippers,2585525,AeroStyle 2551,CVAK Enterprise,Black,https://bijnis.s3.amazonaws.com/PRODUCTION/uploads/uploadfile_1-fbda7336-8789-486c-8f82-fc8ac89b1cb2.jpeg,https://bijnis.app.link/agusKdHaBKb,216.97,206 - 228," 10, 8, 9,7","20 Jun, 2024 12:05:57",1
Distribution,pu moulded slippers,2585533,AeroStyle 2552,CVAK Enterprise,Brown,https://bijnis.s3.amazonaws.com/PRODUCTION/uploads/uploadfile_1-59519341-9ecc-42c1-869b-18ba6e260903.jpeg,https://bijnis.app.link/wNjQg2GaBKb,216.97,206 - 228," 10, 8, 9,7","20 Jun, 2024 12:05:57",1
Distribution,pu moulded slippers,2585547,AeroStyle 2553,CVAK Enterprise,Grey,https://bijnis.s3.amazonaws.com/PRODUCTION/uploads/uploadfile_1-d2f40995-4d4a-471c-8105-7314be1d8bf0.jpeg,https://bijnis.app.link/CxyqPjHaBKb,162.58,154 - 171," 10, 8, 9,7","20 Jun, 2024 12:05:57",1
Distribution,pu moulded slippers,2585551,AeroStyle 2554,CVAK Enterprise,Tan,https://bijnis.s3.amazonaws.com/PRODUCTION/uploads/uploadfile_1-0288ec21-9cf8-4c03-af9b-29da7352d38b.jpeg,https://bijnis.app.link/1txE3eHaBKb,162.58,154 - 171," 10, 8, 9,7","20 Jun, 2024 12:05:57",1
Distribution,pu moulded slippers,2585603,WALKLINE 663,Go-Lite Footwear,Black,https://bijnis.s3.amazonaws.com/PRODUCTION/uploads/uploadfile_8-04f5af94-8588-4862-b64e-da14953dfd6c.jpeg,https://bijnis.app.link/EUrZakHaBKb,205.31,195 - 216," 12c, 13c, 1Y, 3Y, 4Y, 5Y,11c,2Y","20 Jun, 2024 18:06:44",1
Distribution,pu moulded slippers,2585605,WALKLINE 663,Go-Lite Footwear,Tan,https://bijnis.s3.amazonaws.com/PRODUCTION/uploads/uploadfile_1-a3bc4b9b-6fb5-473c-8df5-722d17dad57c.jpeg,https://bijnis.app.link/h8pdrmHaBKb,205.31,195 - 216," 12c, 13c, 1Y, 3Y, 4Y, 5Y,11c,2Y","20 Jun, 2024 18:06:44",1
Distribution,pu moulded slippers,2585611,WALKLINE 664,Go-Lite Footwear,Black,https://bijnis.s3.amazonaws.com/PRODUCTION/uploads/uploadfile_1-9a706853-3ce2-48f6-94f2-63ef32f2ce0e.jpeg,https://bijnis.app.link/lLiF1lHaBKb,205.31,195 - 216," 12c, 13c, 1Y, 3Y, 4Y, 5Y,11c,2Y","20 Jun, 2024 18:06:44",1
Distribution,pu moulded slippers,2585612,WALKLINE 664,Go-Lite Footwear,Brown,https://bijnis.s3.amazonaws.com/PRODUCTION/uploads/uploadfile_1-4a5dc5d3-bf4e-4449-b0bc-f69d3d1fc4b6.jpeg,https://bijnis.app.link/g4KnVjHaBKb,205.31,195 - 216," 12c, 13c, 1Y, 3Y, 4Y, 5Y,11c,2Y","20 Jun, 2024 18:06:44",1
Distribution,pu moulded slippers,2585613,WALKLINE 664,Go-Lite Footwear,Tan,https://bijnis.s3.amazonaws.com/PRODUCTION/uploads/uploadfile_1-25f7432e-6775-4695-b48d-e2fc094b6682.jpeg,https://bijnis.app.link/53Op3nHaBKb,205.31,195 - 216," 12c, 13c, 1Y, 3Y, 4Y, 5Y,11c,2Y","20 Jun, 2024 18:06:44",1
Distribution,pu moulded slippers,2585684,PU RDS 055,JSS TRADERS,Multicolor,https://prod-seller-app-bucket.s3.ap-south-1.amazonaws.com/production/laovyjrlb/files/h7syga9x5,https://bijnis.app.link/GJKcnrHaBKb,102.34,97 - 107," 6, 7, 8,5","20 Jun, 2024 15:11:57",1
Distribution,pu moulded slippers,2585955,Aerowalk 2157,Condor Footwear India Limited,Copper,https://bijnis.s3.amazonaws.com/PRODUCTION/uploads/uploadfile_5-8de18aef-c8c2-4990-bc29-bab04786e7d5.jpeg,https://bijnis.app.link/MGRcmxHaBKb,223.73,213 - 235,"35,36,37,38,39,40,41","20 Jun, 2024 18:07:08",1
Distribution,pu moulded slippers,2585956,Aerowalk 2112,Condor Footwear India Limited,Tan,https://bijnis.s3.amazonaws.com/PRODUCTION/uploads/uploadfile_1-553d2767-3324-4430-b339-4e78769a3ae7.jpeg,https://bijnis.app.link/XpWJNxHaBKb,210.12,200 - 221,"35,36,37,38,39,40,41","20 Jun, 2024 18:07:08",1
Distribution,pu moulded slippers,2585957,INBLU 1029,Condor Footwear India Limited,Black,https://bijnis.s3.amazonaws.com/PRODUCTION/uploads/uploadfile_1-a100df2f-2d58-4a77-9340-0b702a4a23d2.jpeg,https://bijnis.app.link/aJsrWtHaBKb,305.32,290 - 321,"35,36,37,38,39,40,41","20 Jun, 2024 18:07:08",1
Distribution,pvc full moulded slippers,2582213,Khadim 1333,C-VAK TRAIL,Brown,https://bijnis.s3.amazonaws.com/PRODUCTION/uploads/uploadfile_1-53296396-0338-4e3c-bc78-c6c8995ecef7.jpeg,https://bijnis.app.link/6C54CHEaBKb,186.69,177 - 196," 10, 7, 8, 9,6","20 Jun, 2024 21:01:29",1
Distribution,pvc moulded bellies,2583776,Khadim 1334,C-VAK TRAIL,Air Force Blue,https://prod-seller-app-bucket.s3.ap-south-1.amazonaws.com/production/vmshtlcmi/files/csp2oasgs,https://bijnis.app.link/JU9q6pFaBKb,210.76,200 - 221," 5, 6, 7,4","20 Jun, 2024 21:01:29",1
Distribution,pvc moulded school shoes,2578440,ACTION  3444,MICRO INDUSTRIAL CORPORATION (BHA),Black,https://bijnis.s3.amazonaws.com/PRODUCTION/uploads/uploadfile_1-9a947873-9764-42c0-9f59-dcb4cde05adc.jpeg,https://bijnis.app.link/yIylz8DaBKb,231.80,220 - 243," 12c, 13c, 1Y,11c","20 Jun, 2024 18:09:09",1
Distribution,pvc moulded school shoes,2578449,ACTION  3447,MICRO INDUSTRIAL CORPORATION (BHA),Black,https://bijnis.s3.amazonaws.com/PRODUCTION/uploads/uploadfile_1-9a947873-9764-42c0-9f59-dcb4cde05adc.jpeg,https://bijnis.app.link/a1GsJ4DaBKb,213.56,203 - 224," 10c, 9c,8c","20 Jun, 2024 18:09:09",1
Distribution,pvc moulded school shoes,2585147,SKYLARK 241,V JUlKA RUBBERS,White,https://bijnis.s3.amazonaws.com/PRODUCTION/uploads/uploadfile_1-da6bbd23-2160-4146-a343-28ec75ccac45.jpeg,https://bijnis.app.link/LfGGRmGaBKb,168.27,160 - 177," 5, 6,4","20 Jun, 2024 12:10:58",1
Distribution,pvc moulded school shoes,2585160,SKYLARK 242,V JUlKA RUBBERS,White,https://bijnis.s3.amazonaws.com/PRODUCTION/uploads/uploadfile_1-1bcfcc6a-0c10-4bb9-b57b-c411fd7d55da.jpeg,https://bijnis.app.link/Nxh3q5FaBKb,141.34,134 - 148," 10, 9,8","20 Jun, 2024 12:10:58",1
Distribution,pvc moulded school shoes,2585168,SKYLARK 243,V JUlKA RUBBERS,White,https://bijnis.s3.amazonaws.com/PRODUCTION/uploads/uploadfile_1-784f4a10-d49a-4e7d-a90c-3cef2b4470c1.jpeg,https://bijnis.app.link/IHiTTNFaBKb,154.80,147 - 163," 2, 3,1","20 Jun, 2024 12:10:58",1
Distribution,pvc moulded school shoes,2585186,SKYLARK 244,V JUlKA RUBBERS,White,https://bijnis.s3.amazonaws.com/PRODUCTION/uploads/uploadfile_2-357cd6f7-c110-48b3-82e1-f66d5744651b.jpeg,https://bijnis.app.link/nj4bdeGaBKb,148.07,141 - 155," 12, 13,11","20 Jun, 2024 12:10:58",1
Distribution,pvc moulded sneakers,2585118,Fitman 1190,Aadhunik Enterprises,Black,https://bijnis.s3.amazonaws.com/PRODUCTION/uploads/uploadfile_1-02304d3c-0235-4cd0-a957-32190e223dcf.jpeg,https://bijnis.app.link/PuJeT9FaBKb,126.14,120 - 132," 10, 8, 9,7","20 Jun, 2024 12:07:15",1
Distribution,pvc moulded sneakers,2585805,COMBIT 3130,K. V. FOOTWEAR,Beige,https://bijnis.s3.amazonaws.com/PRODUCTION/uploads/uploadfile_2-d78b53fa-04df-4142-940e-710898cb851e.jpeg,https://bijnis.app.link/m3RjdtHaBKb,390.38,371 - 410," 10, 7, 8, 9,6,7","20 Jun, 2024 18:00:25",1
Distribution,pvc moulded sports shoes,2584891,Fitman 1185,Aadhunik Enterprises,Black,https://bijnis.s3.amazonaws.com/PRODUCTION/uploads/uploadfile_1-1b4766e0-1804-40d3-a588-abfa345b5a38.jpeg,https://bijnis.app.link/Wd5IJwFaBKb,238.26,226 - 250," 7, 8, 9,6","20 Jun, 2024 12:07:15",1
Distribution,pvc moulded sports shoes,2585060,Fitman 1186,Aadhunik Enterprises,Black,https://bijnis.s3.amazonaws.com/PRODUCTION/uploads/uploadfile_1-38e9e2c2-9be7-496a-8a42-23ce0a7f9382.jpeg,https://bijnis.app.link/Tc0JCOFaBKb,175.19,166 - 184," 7, 8, 9,6","20 Jun, 2024 12:07:15",1
Distribution,pvc moulded sports shoes,2585073,Fitman 1187,Aadhunik Enterprises,Black,https://bijnis.s3.amazonaws.com/PRODUCTION/uploads/uploadfile_1-9de08f93-7ba0-4200-89ba-ad8e7c62508c.jpeg,https://bijnis.app.link/a0f59NFaBKb,238.26,226 - 250," 8, 9,7","20 Jun, 2024 12:07:15",1
Distribution,pvc moulded sports shoes,2585079,Fitman 1188,Aadhunik Enterprises,Black,https://bijnis.s3.amazonaws.com/PRODUCTION/uploads/uploadfile_1-ebcdf3d3-2521-4dbe-8d93-1cad9d5f30ea.jpeg,https://bijnis.app.link/LvpTLEFaBKb,238.26,226 - 250," 7, 8, 9,6","20 Jun, 2024 12:07:15",1
Distribution,pvc moulded sports shoes,2585100,Fitman 1189,Aadhunik Enterprises,Black,https://bijnis.s3.amazonaws.com/PRODUCTION/uploads/uploadfile_1-37583516-672c-4297-bf94-61b893b8dd1f.jpeg,https://bijnis.app.link/ZVM8h6FaBKb,238.26,226 - 250," 7, 8, 9,6","20 Jun, 2024 12:07:15",1
Distribution,pvc moulded sports shoes,2585156,Fitman 1191,Aadhunik Enterprises,Multicolor,https://bijnis.s3.amazonaws.com/PRODUCTION/uploads/uploadfile_1-549e10f8-ac9f-4b78-8b87-f1f682e81967.jpeg,https://bijnis.app.link/yYBHXMFaBKb,175.19,166 - 184," 7,6","20 Jun, 2024 12:07:15",1
Distribution,pvc moulded sports shoes,2585172,Fitman 1192,Aadhunik Enterprises,Black,https://bijnis.s3.amazonaws.com/PRODUCTION/uploads/uploadfile_1-a7e10506-9376-4a5b-82bc-2db279dcbe67.jpeg,https://bijnis.app.link/yr8ntVFaBKb,210.23,200 - 221," 10, 7, 8, 9,6,7","20 Jun, 2024 12:07:15",1
Distribution,pvc moulded sports shoes,2585180,Fitman 1193,Aadhunik Enterprises,Teal Blue,https://bijnis.s3.amazonaws.com/PRODUCTION/uploads/uploadfile_1-cad44f1e-92af-4830-8bce-4fd7d14d1ce1.jpeg,https://bijnis.app.link/Bx2H3eGaBKb,175.19,166 - 184," 7, 8, 9,6","20 Jun, 2024 12:07:15",1
Distribution,pvc moulded sports shoes,2585195,Fitman 1194,Aadhunik Enterprises,Multicolor,https://bijnis.s3.amazonaws.com/PRODUCTION/uploads/uploadfile_1-91d5e37c-302d-4f99-aca2-e028118406e0.jpeg,https://bijnis.app.link/z9mjVdGaBKb,175.19,166 - 184," 7,6","20 Jun, 2024 12:07:15",1
Distribution,shorts,2527824,PRONOUN 1045,SANKHLECHA GARMENT,Light Blue,https://prod-seller-app-bucket.s3.ap-south-1.amazonaws.com/production/rwsbvuivt/files/$y5fgvwtia,https://bijnis.app.link/5AmYYphMzKb,337.74,321 - 355," 30, 32, 34, 36, 38,28,30","20 Jun, 2024 00:04:15",1
Distribution,shorts,2527830,PRONOUN 1045,SANKHLECHA GARMENT,Tan,https://prod-seller-app-bucket.s3.ap-south-1.amazonaws.com/production/rswics$vf/files/c8r34umt@w,https://bijnis.app.link/Us0PVphMzKb,337.74,321 - 355," 30, 32, 34, 36, 38,28,30","20 Jun, 2024 00:04:15",1
Distribution,synthetic handmade formal shoes,2585144,ACTION DOTCOM 1997,Micro Industrial Corporation,Black,https://bijnis.s3.amazonaws.com/PRODUCTION/uploads/uploadfile_1-7de3f8b4-4e20-4d6c-8a49-74971db9055e.jpeg,https://bijnis.app.link/ippJPYFaBKb,557.30,529 - 585," 10, 7, 8, 9,10,6,7,8,9","20 Jun, 2024 12:09:01",1
Distribution,synthetic handmade heel sandals,2576916,Fullos beauty 240,Fullos Beauty,Beige,https://bijnis.s3.amazonaws.com/PRODUCTION/uploads/uploadfile_2-7baf0ec8-e9b7-4beb-8556-dbdf4f81bb56.jpeg,https://bijnis.app.link/ZCtHahEaBKb,343.38,326 - 361," 37, 38, 39, 40, 41,36","20 Jun, 2024 21:07:29",1
Distribution,synthetic handmade heel sandals,2576917,Fullos beauty 240,Fullos Beauty,Black,https://bijnis.s3.amazonaws.com/PRODUCTION/uploads/uploadfile_1-c295939a-9907-4b90-bf1f-37845713af35.jpeg,https://bijnis.app.link/XUSFV4DaBKb,343.38,326 - 361," 37, 38, 39, 40, 41,36","20 Jun, 2024 21:07:29",1
Distribution,synthetic handmade heel sandals,2576918,Fullos beauty 240,Fullos Beauty,White,https://bijnis.s3.amazonaws.com/PRODUCTION/uploads/uploadfile_1-e5aa8175-d1b0-4325-8dd1-4931c8613cf5.jpeg,https://bijnis.app.link/vahES8DaBKb,343.38,326 - 361," 37, 38, 39, 40, 41,36","20 Jun, 2024 21:07:29",1
Distribution,synthetic handmade heel sandals,2577501,SRX10 048,SHAH FOOTPRINT,Light Yellow,https://bijnis.s3.amazonaws.com/PRODUCTION/uploads/uploadfile_1-6d73e59c-1377-4b5f-9478-11e1b996a41c.jpeg,https://bijnis.app.link/23rTVeEaBKb,539.69,513 - 567," 38, 39, 40, 41,37","20 Jun, 2024 21:03:08",1
Distribution,synthetic handmade heel sandals,2584374,SRX10 076,SHAH FOOTPRINT,Black,https://bijnis.s3.amazonaws.com/PRODUCTION/uploads/uploadfile_1-64046a2c-64e9-4b8a-89e1-31f89dba1dc0.jpeg,https://bijnis.app.link/GNH0hhFaBKb,441.56,419 - 464," 38, 39, 40, 41,37","20 Jun, 2024 21:03:08",1
Distribution,synthetic handmade heel sandals,2585349,SRX10 093,SHAH FOOTPRINT,White,https://bijnis.s3.amazonaws.com/PRODUCTION/uploads/uploadfile_1-3c5d386b-8299-4bbd-b2ba-d562105cfa57.jpeg,https://bijnis.app.link/afp25nGaBKb,448.57,426 - 471," 38, 39, 40, 41,37","20 Jun, 2024 21:03:08",1
Distribution,synthetic handmade heel sandals,2585492,SRX10 095,SHAH FOOTPRINT,White,https://bijnis.s3.amazonaws.com/PRODUCTION/uploads/uploadfile_1-3ad26048-98f0-4e8d-b32e-1cc9321d329c.jpeg,https://bijnis.app.link/Ep4GIXGaBKb,518.66,493 - 545," 38, 39, 40, 41,37","20 Jun, 2024 21:03:08",1
Distribution,synthetic handmade heel slippers,2584372,SRX10 075,SHAH FOOTPRINT,Black,https://bijnis.s3.amazonaws.com/PRODUCTION/uploads/uploadfile_1-4d8f17aa-06ed-4f36-bea0-57bdbe1a0a1f.jpeg,https://bijnis.app.link/mcsbt9EaBKb,469.60,446 - 493," 38, 39, 40, 41,37","20 Jun, 2024 21:03:08",1
Distribution,synthetic handmade heel slippers,2584689,SRX10 077,SHAH FOOTPRINT,Grey Melange,https://bijnis.s3.amazonaws.com/PRODUCTION/uploads/uploadfile_1-cb3bfa31-34de-466b-91d5-eea45c2cd58f.jpeg,https://bijnis.app.link/gvNlHEFaBKb,420.54,400 - 442," 38, 39, 40, 41,37","20 Jun, 2024 21:03:08",1
Distribution,synthetic handmade heel slippers,2584747,SRX10 078,SHAH FOOTPRINT,Grey Melange,https://bijnis.s3.amazonaws.com/PRODUCTION/uploads/uploadfile_1-930cbf8d-0500-42b2-9cf5-738bf8333718.jpeg,https://bijnis.app.link/qbv9qqFaBKb,490.63,466 - 515," 38, 39, 40, 41,37","20 Jun, 2024 21:03:08",1
Distribution,synthetic handmade heel slippers,2585305,SRX10 092,SHAH FOOTPRINT,Dark green,https://bijnis.s3.amazonaws.com/PRODUCTION/uploads/uploadfile_1-66422272-4c0a-4a4d-9f4f-3655fed4ae14.jpeg,https://bijnis.app.link/Ya3HPaGaBKb,406.52,386 - 427," 38, 39, 40, 41,37","20 Jun, 2024 21:03:08",1
Distribution,synthetic handmade heel slippers,2585436,SRX10 094,SHAH FOOTPRINT,Green,https://bijnis.s3.amazonaws.com/PRODUCTION/uploads/uploadfile_1-132ddcaf-ecd5-45e9-80a3-73bc1eeee502.jpeg,https://bijnis.app.link/K3DF2IGaBKb,406.52,386 - 427," 38, 39, 40, 41,37","20 Jun, 2024 21:03:08",1
Distribution,synthetic handmade heel slippers,2585579,SRX10 096,SHAH FOOTPRINT,Pink,https://bijnis.s3.amazonaws.com/PRODUCTION/uploads/uploadfile_1-e371c1db-0cad-44ae-95aa-66dd2aa67efc.jpeg,https://bijnis.app.link/FOPDM9GaBKb,511.65,486 - 537," 38, 39, 40, 41,37","20 Jun, 2024 21:03:08",1
Distribution,synthetic handmade heel slippers,2585614,SRX10 099,SHAH FOOTPRINT,Grey Melange,https://bijnis.s3.amazonaws.com/PRODUCTION/uploads/uploadfile_1-2932e19c-a3a6-4958-be18-f222b70c41a7.jpeg,https://bijnis.app.link/jYQoFmHaBKb,469.60,446 - 493," 38, 39, 40, 41,37","20 Jun, 2024 21:03:08",1
Distribution,synthetic handmade heel slippers,2585738,SRX10 100,SHAH FOOTPRINT,Peach,https://bijnis.s3.amazonaws.com/PRODUCTION/uploads/uploadfile_1-69e74b60-5088-4908-817d-d01f9d8d35aa.jpeg,https://bijnis.app.link/69xBZoHaBKb,511.65,486 - 537," 38, 39, 40, 41,37","20 Jun, 2024 21:03:08",1
Distribution,synthetic handmade jutties,2585586,SRX10 097,SHAH FOOTPRINT,Grey,https://bijnis.s3.amazonaws.com/PRODUCTION/uploads/uploadfile_1-f49d887c-6aca-4311-b845-8a740236704d.jpeg,https://bijnis.app.link/TDt1dgHaBKb,392.50,373 - 412," 38, 39, 40, 41,37","20 Jun, 2024 21:03:08",1
Distribution,synthetic handmade jutties,2585590,SRX10 098,SHAH FOOTPRINT,Peach,https://bijnis.s3.amazonaws.com/PRODUCTION/uploads/uploadfile_1-36f3703f-d6b1-4577-946c-855580616799.jpeg,https://bijnis.app.link/2xeFSiHaBKb,392.50,373 - 412," 38, 39, 40, 41,37","20 Jun, 2024 21:03:08",1
Distribution,synthetic handmade jutties,2586155,SRX10 101,SHAH FOOTPRINT,Pista Green,https://bijnis.s3.amazonaws.com/PRODUCTION/uploads/uploadfile_1-faedee3b-1a6f-4772-80dd-09d7b24b00bc.jpeg,https://bijnis.app.link/YDEKXuHaBKb,392.50,373 - 412," 38, 39, 40, 41,37","20 Jun, 2024 21:03:08",1
Distribution,synthetic handmade loafer shoes,2530296,Khadim 1173,C-VAK TRAIL,Brown,https://bijnis.s3.amazonaws.com/PRODUCTION/uploads/uploadfile_1-fe41399a-2f9d-4d8a-b13f-2353d8ffa1de.png,https://bijnis.app.link/pVDkqfDaBKb,478.37,454 - 502," 10, 7, 8, 9,6","20 Jun, 2024 21:01:29",1
Distribution,synthetic handmade sandals,2585185,SRX10 081,SHAH FOOTPRINT,Tan,https://bijnis.s3.amazonaws.com/PRODUCTION/uploads/uploadfile_1-cdc5673f-04b6-446f-9790-ad453a57f3ce.jpeg,https://bijnis.app.link/dMfLRqGaBKb,217.28,206 - 228," 38, 39, 40, 41,37","20 Jun, 2024 21:03:08",1
Distribution,synthetic handmade sandals,2585289,SRX10 091,SHAH FOOTPRINT,Dark green,https://bijnis.s3.amazonaws.com/PRODUCTION/uploads/uploadfile_1-c3bbae1a-be18-4498-b5f4-2e57e2c0b6a4.jpeg,https://bijnis.app.link/6QBvihGaBKb,210.27,200 - 221," 38, 39, 40, 41,37","20 Jun, 2024 21:03:08",1
Distribution,t-shirts,2585286,TECHNOSPORT 451,Zealous Ventures,Multicolor,https://prod-seller-app-bucket.s3.ap-south-1.amazonaws.com/production/@lpezbme2/files/4dsfcxcrs6,https://bijnis.app.link/swVAmsGaBKb,217.00,206 - 228,"L,M,XL,XXL","20 Jun, 2024 12:10:54",1
Distribution,t-shirts,2585323,TECHNOSPORT 454,Zealous Ventures,Multicolor,https://prod-seller-app-bucket.s3.ap-south-1.amazonaws.com/production/z4skhrk9y/files/rqc7qjgsdd,https://bijnis.app.link/s7sNWmGaBKb,198.35,188 - 208,"L,M,XL,XXL","20 Jun, 2024 12:10:54",1
Distribution,top bottom set,2584701,Kavshil 329,KAVSHIL ENTERPRISES,"Blue, ",https://bijnis.s3.amazonaws.com/PRODUCTION/uploads/uploadfile_1-ad22fcd9-02e6-4c15-bd09-c2aec27d270f.jpeg,https://bijnis.app.link/yMdQvkFaBKb,166.93,159 - 175," 12M-18M, 18M-24M,6M-12M","20 Jun, 2024 12:00:42",1
Distribution,top bottom set,2584715,Kavshil 330,KAVSHIL ENTERPRISES,"Blue, ",https://bijnis.s3.amazonaws.com/PRODUCTION/uploads/uploadfile_1-5ca50193-2212-4da9-af3d-256cbfd9283f.jpeg,https://bijnis.app.link/CPbTGwFaBKb,165.63,157 - 174," 3Y-4Y, 4Y-5Y,2Y-3Y","20 Jun, 2024 12:00:42",1
Distribution,top bottom set,2584796,Kavshil 331,KAVSHIL ENTERPRISES,"Multicolor, ",https://bijnis.s3.amazonaws.com/PRODUCTION/uploads/uploadfile_1-74717373-57e5-4523-89cd-2fda8fbde16d.jpeg,https://bijnis.app.link/2qEVlrFaBKb,164.34,156 - 173," 12M-18M, 18M-24M, 2Y-3Y, 3Y-4Y, 4Y-5Y,6M-12M","20 Jun, 2024 12:00:42",1
Distribution,top bottom set,2584870,Kavshil 332,KAVSHIL ENTERPRISES,"Multicolor, ",https://bijnis.s3.amazonaws.com/PRODUCTION/uploads/uploadfile_1-af319750-681b-4911-b7cf-b4776f6f7e33.jpeg,https://bijnis.app.link/ckqNfqFaBKb,161.75,154 - 170," 3Y-4Y, 4Y-5Y,2Y-3Y","20 Jun, 2024 12:00:42",1
Distribution,top bottom set,2584871,Kavshil 333,KAVSHIL ENTERPRISES,"Multicolor, ",https://bijnis.s3.amazonaws.com/PRODUCTION/uploads/uploadfile_1-af7203f4-c2a2-4ec0-b9b2-5c4e82b48fd1.jpeg,https://bijnis.app.link/GU8z8QFaBKb,160.46,152 - 168," 12M-18M, 18M-24M,6M-12M","20 Jun, 2024 12:00:42",1
Distribution,top bottom set,2584966,A.EFA Dress 165,A. EFA DRESS,Multicolor,https://prod-seller-app-bucket.s3.ap-south-1.amazonaws.com/production/k7ykxiwnn/files/veiow5@to,https://bijnis.app.link/GBFXVKFaBKb,219.99,209 - 231," 18,16","20 Jun, 2024 12:05:27",1
Distribution,top bottom set,2584967,A.EFA Dress 166,A. EFA DRESS,Multicolor,https://prod-seller-app-bucket.s3.ap-south-1.amazonaws.com/production/fojsxtsio/files/7q7r18jmi,https://bijnis.app.link/tkJQYMFaBKb,232.93,221 - 245," 22,20","20 Jun, 2024 12:05:27",1
Distribution,top bottom set,2584985,Kavshil 334,KAVSHIL ENTERPRISES,"Multicolor, ",https://bijnis.s3.amazonaws.com/PRODUCTION/uploads/uploadfile_1-68d2b840-b52d-4869-ba3b-02aecca3cff7.jpeg,https://bijnis.app.link/MYXR5pFaBKb,161.75,154 - 170," 12M-18M, 18M-24M, 2Y-3Y, 3Y-4Y, 4Y-5Y,6M-12M","20 Jun, 2024 12:00:42",1
Distribution,top bottom set,2584994,Kavshil 335,KAVSHIL ENTERPRISES,"Multicolor, ",https://bijnis.s3.amazonaws.com/PRODUCTION/uploads/uploadfile_1-92cbee7c-5975-452f-8e27-ff7fc46d89f1.jpeg,https://bijnis.app.link/DX1xUKFaBKb,160.46,152 - 168," 12M-18M, 18M-24M,6M-12M","20 Jun, 2024 12:00:42",1
Distribution,top bottom set,2585014,Kavshil 336,KAVSHIL ENTERPRISES,"Multicolor, ",https://bijnis.s3.amazonaws.com/PRODUCTION/uploads/uploadfile_1-f3558f50-12e9-475c-85c7-9604639723b2.jpeg,https://bijnis.app.link/LT3CiQFaBKb,159.16,151 - 167," 3Y-4Y, 4Y-5Y,2Y-3Y","20 Jun, 2024 12:00:42",1
Distribution,top bottom set,2585417,LITTLEMAMA 121,VOAR,Multicolor,https://prod-seller-app-bucket.s3.ap-south-1.amazonaws.com/production/8uz8vk1va/files/2vnwouwah,https://bijnis.app.link/QekGUNGaBKb,187.63,178 - 197," 22, 24,20","20 Jun, 2024 12:02:58",1
Distribution,top bottom set,2585418,LITTLEMAMA 122,VOAR,Multicolor,https://prod-seller-app-bucket.s3.ap-south-1.amazonaws.com/production/knmlsaf3v/files/u86ndtrng,https://bijnis.app.link/9ED3aKGaBKb,103.52,98 - 109," 18,16","20 Jun, 2024 12:02:58",1
Distribution,top bottom set,2585419,LITTLEMAMA 123,VOAR,Multicolor,https://prod-seller-app-bucket.s3.ap-south-1.amazonaws.com/production/skihsvpql/files/kwzz9die5,https://bijnis.app.link/5AKxyNGaBKb,109.99,104 - 115," 18,16","20 Jun, 2024 12:02:58",1
Distribution,top bottom set,2585750,A.EFA Dress 167,A. EFA DRESS,Multicolor,https://prod-seller-app-bucket.s3.ap-south-1.amazonaws.com/production/4bepgeptz/files/feokcjjwz,https://bijnis.app.link/GsQJXnHaBKb,219.99,209 - 231," 18,16","20 Jun, 2024 18:03:24",1
Distribution,top bottom set,2585751,A.EFA Dress 168,A. EFA DRESS,Multicolor,https://prod-seller-app-bucket.s3.ap-south-1.amazonaws.com/production/qmg9cemlo/files/yqqfatq4h,https://bijnis.app.link/jKgqdlHaBKb,232.93,221 - 245," 22,20","20 Jun, 2024 18:03:24",1
Distribution,top bottom set,2585755,A.EFA Dress 169,A. EFA DRESS,Multicolor,https://prod-seller-app-bucket.s3.ap-south-1.amazonaws.com/production/vzm7q8ung/files/75$hchxbn,https://bijnis.app.link/Sam55mHaBKb,219.99,209 - 231," 18,16","20 Jun, 2024 18:03:24",1
Distribution,top bottom set,2585756,A.EFA Dress 170,A. EFA DRESS,Multicolor,https://prod-seller-app-bucket.s3.ap-south-1.amazonaws.com/production/zhpyqaa9@/files/pawsx1r0f,https://bijnis.app.link/HxkVNmHaBKb,232.93,221 - 245," 22,20","20 Jun, 2024 18:03:24",1
Distribution,top bottom set,2585757,A.EFA Dress 171,A. EFA DRESS,Multicolor,https://prod-seller-app-bucket.s3.ap-south-1.amazonaws.com/production/cu8qifxpx/files/2kxooamaz,https://bijnis.app.link/hMLwqnHaBKb,219.99,209 - 231," 18,16","20 Jun, 2024 18:03:24",1
Distribution,top bottom set,2585766,A.EFA Dress 172,A. EFA DRESS,Multicolor,https://prod-seller-app-bucket.s3.ap-south-1.amazonaws.com/production/basjfzrth/files/azhwtd$be,https://bijnis.app.link/uLUyQqHaBKb,232.93,221 - 245," 22,20","20 Jun, 2024 18:03:24",1
Distribution,top bottom set,2585779,A.EFA Dress 173,A. EFA DRESS,Multicolor,https://prod-seller-app-bucket.s3.ap-south-1.amazonaws.com/production/a8agzkdcm/files/gemsary3m,https://bijnis.app.link/e2ojEoHaBKb,219.99,209 - 231," 18,16","20 Jun, 2024 18:03:24",1
Distribution,top bottom set,2585783,A.EFA Dress 174,A. EFA DRESS,Multicolor,https://prod-seller-app-bucket.s3.ap-south-1.amazonaws.com/production/ipvbdo$39/files/reqbg8lku,https://bijnis.app.link/gbxROqHaBKb,232.93,221 - 245," 22,20","20 Jun, 2024 18:03:24",1
Distribution,top bottom set,2585785,A.EFA Dress 175,A. EFA DRESS,Multicolor,https://prod-seller-app-bucket.s3.ap-south-1.amazonaws.com/production/bxhov@k5s/files/sp4xezt41,https://bijnis.app.link/T2az8pHaBKb,219.99,209 - 231," 18,16","20 Jun, 2024 18:03:24",1
Distribution,top bottom set,2585789,A.EFA Dress 176,A. EFA DRESS,Multicolor,https://prod-seller-app-bucket.s3.ap-south-1.amazonaws.com/production/d9myrmvn0/files/o2j5yzg$g,https://bijnis.app.link/xUF2GwHaBKb,232.93,221 - 245," 22,20","20 Jun, 2024 18:03:24",1
Distribution,top bottom set,2585792,A.EFA Dress 177,A. EFA DRESS,Multicolor,https://prod-seller-app-bucket.s3.ap-south-1.amazonaws.com/production/@sz$tq5r1/files/9qdrucida,https://bijnis.app.link/ErifhrHaBKb,219.99,209 - 231," 18,16","20 Jun, 2024 18:03:24",1
Distribution,top bottom set,2585795,A.EFA Dress 178,A. EFA DRESS,Multicolor,https://prod-seller-app-bucket.s3.ap-south-1.amazonaws.com/production/u4ft0wd$q/files/681tj6mhj,https://bijnis.app.link/WcIJztHaBKb,232.93,221 - 245," 22,20","20 Jun, 2024 18:03:24",1
Distribution,top bottom set,2585796,A.EFA Dress 179,A. EFA DRESS,Multicolor,https://prod-seller-app-bucket.s3.ap-south-1.amazonaws.com/production/ytpftejrr/files/xd3kmq15a,https://bijnis.app.link/sA9k6rHaBKb,219.99,209 - 231," 18,16","20 Jun, 2024 18:03:24",1
Distribution,top bottom set,2585798,A.EFA Dress 180,A. EFA DRESS,Multicolor,https://prod-seller-app-bucket.s3.ap-south-1.amazonaws.com/production/kmyq79p@x/files/bzodu3bn$,https://bijnis.app.link/n0hWRoHaBKb,232.93,221 - 245," 22,20","20 Jun, 2024 18:03:24",1
Distribution,top bottom set,2585800,A.EFA Dress 181,A. EFA DRESS,Multicolor,https://prod-seller-app-bucket.s3.ap-south-1.amazonaws.com/production/zyq5o8gze/files/mjfyoomlz,https://bijnis.app.link/TaMqDtHaBKb,219.99,209 - 231," 18,16","20 Jun, 2024 18:03:24",1
Distribution,top bottom set,2585801,A.EFA Dress 182,A. EFA DRESS,Multicolor,https://prod-seller-app-bucket.s3.ap-south-1.amazonaws.com/production/fityi1vll/files/o569dios1,https://bijnis.app.link/1zSFiyHaBKb,232.93,221 - 245," 22,20","20 Jun, 2024 18:03:24",1
Distribution,track pants,2578233,P80 SPORTS 716,PARADISE TRADERS,Multicolor,https://prod-seller-app-bucket.s3.ap-south-1.amazonaws.com/production/vrqoxilzc/files/lidp2mjsk,https://bijnis.app.link/8n8EQfEaBKb,109.99,104 - 115,L,"20 Jun, 2024 15:00:04",1
Distribution,track pants,2585290,TECHNOSPORT 452,Zealous Ventures,Multicolor,https://prod-seller-app-bucket.s3.ap-south-1.amazonaws.com/production/wflg8lbfg/files/qsu32o6zeb,https://bijnis.app.link/skmaMnGaBKb,391.10,372 - 411,"L,M,XL,XXL","20 Jun, 2024 12:10:54",1
Distribution,track pants,2585306,TECHNOSPORT 453,Zealous Ventures,Multicolor,https://prod-seller-app-bucket.s3.ap-south-1.amazonaws.com/production/mpz78agte/files/8in2ewfamo,https://bijnis.app.link/TL6iFeGaBKb,425.92,405 - 447,"L,M,XL,XXL","20 Jun, 2024 12:10:54",1
Distribution,track pants,2585345,TECHNOSPORT 455,Zealous Ventures,Multicolor,https://prod-seller-app-bucket.s3.ap-south-1.amazonaws.com/production/sju9zuwdt/files/grfey7qtzi,https://bijnis.app.link/4st3ZzGaBKb,413.49,393 - 434,"3XL,L,M,XL,XXL","20 Jun, 2024 12:10:54",1
Production,Synthetic Hand Pasted Sneaker,2581583,Sneakers 269,Captain Footwear,Black,https://bijnis.s3.ap-south-1.amazonaws.com/production/uploads/1490486639/20-06-2024/1718887851422cb07ae7fbeba4ee9a7d07997e11261d2.jpg,https://bijnis.app.link/xGTEiOEaBKb,315.25,299 - 331," 10, 7, 8, 9,6,7","20 Jun, 2024 21:00:58",1
Production,Synthetic Hand Pasted Sneaker,2581584,Sneakers 269,Captain Footwear,Navy Blue,https://bijnis.s3.ap-south-1.amazonaws.com/production/uploads/1490486639/20-06-2024/1718886140278c652758144de4e1bb085d499706bf903.jpg,https://bijnis.app.link/fyXWWAEaBKb,315.25,299 - 331," 10, 7, 8, 9,6,7","20 Jun, 2024 21:00:58",1
Production,Synthetic Hand Pasted Sneaker,2581585,Sneakers 269,Captain Footwear,Grey,https://bijnis.s3.ap-south-1.amazonaws.com/production/uploads/1490486639/20-06-2024/171888585103559ca0ec4ab1041ff88a840f91159cb86.jpg,https://bijnis.app.link/PF8SFMEaBKb,315.25,299 - 331," 10, 7, 8, 9,6,7","20 Jun, 2024 21:00:58",1
Production,Synthetic Hand Pasted Sneaker,2581586,Sneakers 269,Captain Footwear,Turqouise,https://bijnis.s3.ap-south-1.amazonaws.com/production/uploads/1490486639/20-06-2024/1718886033485861725570d8f4112928de217ddf3f4f2.jpg,https://bijnis.app.link/cM3z4MEaBKb,315.25,299 - 331," 10, 7, 8, 9,6,7","20 Jun, 2024 21:00:58",1
Production,Synthetic Hand Pasted Sneaker,2581596,Sneakers 270,JAI SATI MAIYA ENTERPRISES,Sky Blue,https://bijnis.s3.ap-south-1.amazonaws.com/production/uploads/1490486639/20-06-2024/171887391780532fb140898f8481a95a4eefbd3206e40.jpg,https://bijnis.app.link/WIBPpLEaBKb,312.51,297 - 328," 10, 7, 8, 9,6,7","20 Jun, 2024 21:00:58",1
Production,Synthetic Hand Pasted Sneaker,2581599,Sneakers 270,JAI SATI MAIYA ENTERPRISES,Sea Green,https://bijnis.s3.ap-south-1.amazonaws.com/production/uploads/1490486639/20-06-2024/17188744467220697a2aedfe04d918237dbc95d9dba0d.jpg,https://bijnis.app.link/s4yaRwEaBKb,312.51,297 - 328," 10, 7, 8, 9,6,7","20 Jun, 2024 21:00:58",1
Production,Synthetic Hand Pasted Sneaker,2581602,Sneakers 271,JAI SATI MAIYA ENTERPRISES,White,https://bijnis.s3.ap-south-1.amazonaws.com/production/uploads/1490486639/20-06-2024/1718871996843448655f552104a7083e3ab09ab297460.jpg,https://bijnis.app.link/DPhIoSEaBKb,308.40,293 - 324," 10, 7, 8, 9,6,7","20 Jun, 2024 21:00:58",1
Production,Synthetic Hand Pasted Sneaker,2581652,Sneakers 272,JAI SATI MAIYA ENTERPRISES,Sky Blue,https://bijnis.s3.ap-south-1.amazonaws.com/production/uploads/1490486639/20-06-2024/17188760684096bae996383cb490a80402cb4fbd81e55.jpg,https://bijnis.app.link/VuOI5MEaBKb,328.96,313 - 345," 10, 7, 8, 9,6,7","20 Jun, 2024 21:00:58",1
Production,Synthetic Hand Pasted Sneaker,2581654,Sneakers 272,JAI SATI MAIYA ENTERPRISES,Pista Green,https://bijnis.s3.ap-south-1.amazonaws.com/production/uploads/1490486639/20-06-2024/17188754722337bb45a5a784e44b3b2d023248130559a.jpg,https://bijnis.app.link/1UqZTIEaBKb,328.96,313 - 345," 10, 7, 8, 9,6,7","20 Jun, 2024 21:00:58",1
Production,Synthetic Hand Pasted Sneaker,2581664,Sneakers 273,JAI SATI MAIYA ENTERPRISES,Black,https://bijnis.s3.ap-south-1.amazonaws.com/production/uploads/1490486639/20-06-2024/171887256809497f011ab8bb944ba8ca4629f2c654f94.jpg,https://bijnis.app.link/og16VOEaBKb,308.40,293 - 324," 10, 7, 8, 9,6,7","20 Jun, 2024 21:00:58",1
Production,Synthetic Hand Pasted Sneaker,2581666,Sneakers 274,JAI SATI MAIYA ENTERPRISES,Black,https://bijnis.s3.ap-south-1.amazonaws.com/production/uploads/1490486639/20-06-2024/1718872705372fb03cbc64aff424aab0e5b33f01ed536.jpg,https://bijnis.app.link/BPEkfSEaBKb,308.40,293 - 324," 10, 7, 8, 9,6,7","20 Jun, 2024 21:00:58",1
Production,Synthetic Hand Pasted Sneaker,2581667,Sneakers 274,JAI SATI MAIYA ENTERPRISES,Sky Blue,https://bijnis.s3.ap-south-1.amazonaws.com/production/uploads/1490486639/20-06-2024/17188728260613ff90e9437b94d1798d2893da03a2ff0.jpg,https://bijnis.app.link/lMNdZHEaBKb,308.40,293 - 324," 10, 7, 8, 9,6,7","20 Jun, 2024 21:00:58",1
Production,Synthetic Hand Pasted Sneaker,2581668,Sneakers 274,JAI SATI MAIYA ENTERPRISES,Royal blue,https://bijnis.s3.ap-south-1.amazonaws.com/production/uploads/1490486639/20-06-2024/17188729013586bd31d0b9cef4675bd2dbef8d42249e5.jpg,https://bijnis.app.link/sy2rrOEaBKb,308.40,293 - 324," 10, 7, 8, 9,6,7","20 Jun, 2024 21:00:58",1
Production,Synthetic Handmade Slippers,2582196,Slippers 2918,Shree Ganesh Footwear,Mustard,https://bijnis.s3.ap-south-1.amazonaws.com/production/uploads/1490487986/15-06-2024/1718457998964211bf397363449a79248d959d33ae2a7.jpg,https://bijnis.app.link/J3Ju21EaBKb,187.99,179 - 197," 37, 38, 39, 40, 41,36","20 Jun, 2024 15:01:23",1
Production,Synthetic Handmade Slippers,2582200,Slippers 2919,Shree Ganesh Footwear,Grey,https://bijnis.s3.ap-south-1.amazonaws.com/production/uploads/1490487986/15-06-2024/1718458376530fd192146c8694cd782ec4e2c89edce2e.jpg,https://bijnis.app.link/YacnW0EaBKb,187.99,179 - 197," 37, 38, 39, 40, 41,36","20 Jun, 2024 15:01:23",1
Production,eva full moulded sandals,2573132,Sandals 765,Raghav Polychem Pvt. Ltd,Olive,https://bijnis.s3.ap-south-1.amazonaws.com/production/uploads/1490486616/19-06-2024/1718752725359db48ed256cfb4b278bbe942ddf7c8750.jpg,https://bijnis.app.link/VChEAQDaBKb,130.45,124 - 137," 3Y, 4Y, 5Y,2Y","20 Jun, 2024 18:01:16",1
Production,eva full moulded sandals,2573139,Sandals 770,Raghav Polychem Pvt. Ltd,Olive,https://bijnis.s3.ap-south-1.amazonaws.com/production/uploads/1490486616/19-06-2024/1718753037924c80168fc64eb4b27bce40803b3dcca14.jpg,https://bijnis.app.link/VftBMLDaBKb,139.28,132 - 146," 10, 7, 8, 9,6,7","20 Jun, 2024 18:01:16",1
Production,eva full moulded sandals,2575398,Sandals 828,MAHASHAKTI POLYMERS,Blue,https://bijnis.s3.ap-south-1.amazonaws.com/production/uploads/1490487986/09-06-2024/1717874806313f6393a8b110c4b299a6a9d3a64741a23.jpg,https://bijnis.app.link/B1xSeUDaBKb,49.57,47 - 52," 21, 22, 23, 24, 25, 26, 27, 28, 29,20","20 Jun, 2024 15:01:23",1
Production,eva full moulded sandals,2583680,Sandals 923,MARUTI ENTERPRISES,Pista Green,https://bijnis.s3.ap-south-1.amazonaws.com/production/uploads/1490486616/20-06-2024/17188966422672a3a32ffa5ab477b8f7d68549a1bda9a.jpg,https://bijnis.app.link/Eh05G9EaBKb,147.11,140 - 154," 6, 7, 8,5","20 Jun, 2024 21:02:23",1
Production,eva full moulded sandals,2583681,Sandals 923,MARUTI ENTERPRISES,Onion Pink (Bermuda),https://bijnis.s3.ap-south-1.amazonaws.com/production/uploads/1490486616/20-06-2024/1718896696852e55d71d5fecf47b38a5448b6c88dea4a.jpg,https://bijnis.app.link/XBFQc8EaBKb,147.11,140 - 154," 6, 7, 8,5","20 Jun, 2024 21:06:52",1
Production,eva full moulded slippers,2575104,Slippers 2681,Garg Plastics,Grey,https://bijnis.s3.ap-south-1.amazonaws.com/production/uploads/1490486616/20-06-2024/171886394182206d0d79b98e0420d897a93b93a00f086.jpg,https://bijnis.app.link/YGlIB0DaBKb,115.37,110 - 121," 10, 8, 9,7","20 Jun, 2024 15:01:23",1
Production,pu moulded slippers,2568756,PU V-Shape 2629,"BIRMA DEVI ENTERPRISES ",Multicolor,https://bijnis.s3.ap-south-1.amazonaws.com/production/uploads/1490486616/20-06-2024/171888471912829f71d9774f24df5a61139bdc0552491.jpg,https://bijnis.app.link/haevFLDaBKb,64.15,61 - 67," 6, 7, 8,5","20 Jun, 2024 18:01:16",1
Production,pu moulded slippers,2573266,PU Thumb Strap 2659,VINAYAK POLYMER INDUSTRIES,Black,https://bijnis.s3.ap-south-1.amazonaws.com/production/uploads/1490487149/19-06-2024/171878842397644d9b803a19946fc85faa166320ddc8b.jpg,https://bijnis.app.link/sc4xHUDaBKb,161.63,154 - 170," 10, 7, 8, 9,6,7","20 Jun, 2024 18:01:57",1
Production,pu moulded slippers,2573268,PU Thumb Strap 2659,VINAYAK POLYMER INDUSTRIES,Tan,https://bijnis.s3.ap-south-1.amazonaws.com/production/uploads/1490487149/19-06-2024/1718788764841b9b9e1a488ab40a1adeeef11fd434427.jpg,https://bijnis.app.link/YA5O8PDaBKb,161.63,154 - 170," 10, 7, 8, 9,6,7","20 Jun, 2024 18:01:57",1
Production,pu moulded slippers,2577043,PU Thumb Strap 2795,PRIYA PLASTIC INDUSTRIES,Black,https://bijnis.s3.ap-south-1.amazonaws.com/production/uploads/1490486616/20-06-2024/1718882750182f1572d86eb8c4cffa604981cb6496f18.jpg,https://bijnis.app.link/MOavhaEaBKb,142.78,136 - 150," 5, 6, 7, 8,4,5","20 Jun, 2024 18:01:16",1
Production,pvc full moulded shoes,2581685,Shoes 099,J K Plastics,Black,https://bijnis.s3.ap-south-1.amazonaws.com/production/uploads/1490486616/19-06-2024/17187899538653b9b7dbcd3aa492eb82891965bccae1b.jpg,https://bijnis.app.link/eB5hISEaBKb,108.17,103 - 114," 7, 8, 9,6","20 Jun, 2024 21:00:56",1
Production,pvc full moulded shoes,2581719,Shoes 100,J K Plastics,Black,https://bijnis.s3.ap-south-1.amazonaws.com/production/uploads/1490486616/19-06-2024/1718789608351e2a4844a567c4c69b4a5cc21b1b3c329.jpg,https://bijnis.app.link/cN17sTEaBKb,115.37,110 - 121," 7, 8, 9,6","20 Jun, 2024 18:01:16",1
Production,pvc full moulded shoes,2581720,Shoes 100,J K Plastics,Brown,https://bijnis.s3.ap-south-1.amazonaws.com/production/uploads/1490486616/19-06-2024/1718789713691c104247764e3489585407c263961ceeb.jpg,https://bijnis.app.link/e6CybHEaBKb,115.37,110 - 121," 7, 8, 9,6","20 Jun, 2024 18:01:16",1
Production,pvc moulded bellies,2579244,Bellies 143,Lucky Polymers,Olive,https://bijnis.s3.ap-south-1.amazonaws.com/production/uploads/1490486616/20-06-2024/171887672630855a6015263334cd9a189f68c4ac273e9.jpg,https://bijnis.app.link/SQPR28DaBKb,175.75,167 - 185," 6, 7, 8,5","20 Jun, 2024 18:01:16",1
Production,pvc moulded bellies,2579246,Bellies 143,Lucky Polymers,Onion Pink (Bermuda),https://bijnis.s3.ap-south-1.amazonaws.com/production/uploads/1490486616/20-06-2024/1718876621270bd94a1659acf45c19e53fd82b09679e4.jpg,https://bijnis.app.link/Exx2obEaBKb,175.75,167 - 185," 6, 7, 8,5","20 Jun, 2024 18:01:16",1
Production,pvc moulded sports shoes,2573403,Sports 1231,SHRI KHATUSHYAM POLYTEXURE LLP,Black,https://bijnis.s3.ap-south-1.amazonaws.com/production/uploads/1490486616/17-06-2024/17186104681132bace7b58ba0495a9b4c570f6f28a994.jpg,https://bijnis.app.link/dHayULDaBKb,267.14,254 - 280," 10, 7, 8, 9,6,7","20 Jun, 2024 21:00:56",1
Production,pvc moulded sports shoes,2573404,Sports 1231,SHRI KHATUSHYAM POLYTEXURE LLP,Air Force Blue,https://bijnis.s3.ap-south-1.amazonaws.com/production/uploads/1490486616/17-06-2024/1718610731852102ca05f321245df9bad0ceaf64e3469.jpg,https://bijnis.app.link/JZF4I5DaBKb,267.14,254 - 280," 10, 7, 8, 9,6,7","20 Jun, 2024 21:00:56",1
Production,pvc moulded sports shoes,2573407,Sports 1232,SHRI KHATUSHYAM POLYTEXURE LLP,Orange,https://bijnis.s3.ap-south-1.amazonaws.com/production/uploads/1490487986/08-06-2024/1717862644001201f3336d4b0457f972a2c5bfdc721e5.jpg,https://bijnis.app.link/GPunyQDaBKb,267.14,254 - 280," 10, 7, 8, 9,6,7","20 Jun, 2024 21:00:56",1
Production,pvc moulded sports shoes,2573408,Sports 1232,SHRI KHATUSHYAM POLYTEXURE LLP,Sea Green,https://bijnis.s3.ap-south-1.amazonaws.com/production/uploads/1490486616/17-06-2024/17186109041058a742bd21edc4e3caafb5160fca81ddf.jpg,https://bijnis.app.link/AJJlG4DaBKb,267.14,254 - 280," 10, 7, 8, 9,6,7","20 Jun, 2024 21:00:56",1
Production,pvc moulded sports shoes,2573412,Sports 1233,SHRI KHATUSHYAM POLYTEXURE LLP,Orange,https://bijnis.s3.ap-south-1.amazonaws.com/production/uploads/1490487986/08-06-2024/1717862784911c21236edfc8342df8ccf73a9681fb34a.jpg,https://bijnis.app.link/OV4TeIDaBKb,267.14,254 - 280," 10, 7, 8, 9,6,7","20 Jun, 2024 21:00:56",1
Production,pvc moulded sports shoes,2573414,Sports 1233,SHRI KHATUSHYAM POLYTEXURE LLP,Black,https://bijnis.s3.ap-south-1.amazonaws.com/production/uploads/1490486616/17-06-2024/1718611057941009873151740407198ddf25a2220783f.jpg,https://bijnis.app.link/tv0BKLDaBKb,267.14,254 - 280," 10, 7, 8, 9,6,7","20 Jun, 2024 21:00:56",1
Production,pvc moulded sports shoes,2573415,Sports 1233,SHRI KHATUSHYAM POLYTEXURE LLP,Red,https://bijnis.s3.ap-south-1.amazonaws.com/production/uploads/1490486616/17-06-2024/171861110430219a435288a164935b505d6d5fa72a215.jpg,https://bijnis.app.link/dRc5zQDaBKb,267.14,254 - 280," 10, 7, 8, 9,6,7","20 Jun, 2024 21:00:56",1
Production,pvc moulded sports shoes,2573420,Sports 1234,SHRI KHATUSHYAM POLYTEXURE LLP,Teal Blue,https://bijnis.s3.ap-south-1.amazonaws.com/production/uploads/1490486616/17-06-2024/171861141230317ddc290f6a343dfbe3b7c33dfd2aa08.jpg,https://bijnis.app.link/F1EF2MDaBKb,267.14,254 - 280," 10, 7, 8, 9,6,7","20 Jun, 2024 21:00:56",1
Production,pvc moulded sports shoes,2573421,Sports 1234,SHRI KHATUSHYAM POLYTEXURE LLP,Black,https://bijnis.s3.ap-south-1.amazonaws.com/production/uploads/1490486616/17-06-2024/1718611590049c3a5122d121a4650b2b429c070787154.jpg,https://bijnis.app.link/7AejIQDaBKb,267.14,254 - 280," 10, 7, 8, 9,6,7","20 Jun, 2024 21:00:56",1
Production,pvc moulded sports shoes,2573422,Sports 1234,SHRI KHATUSHYAM POLYTEXURE LLP,Navy Blue,https://bijnis.s3.ap-south-1.amazonaws.com/production/uploads/1490486616/17-06-2024/1718611474212d6044b11061747a8b4d7f4bced99353b.jpg,https://bijnis.app.link/xG0u90DaBKb,267.14,254 - 280," 10, 7, 8, 9,6,7","20 Jun, 2024 21:00:56",1
Production,shirts,2575543,Cotton Slim Fit 1286,SHREE K.M. CREATION,Black,https://bijnis.s3.ap-south-1.amazonaws.com/production/uploads/1490487986/23-05-2024/17164351042961716435104152.jpg,https://bijnis.app.link/ih1Zg0DaBKb,266.39,253 - 280," 40, 42,38","20 Jun, 2024 18:05:13",1
Production,shirts,2575544,Cotton Slim Fit 1287,SHREE K.M. CREATION,Black,https://bijnis.s3.ap-south-1.amazonaws.com/production/uploads/1490487986/23-05-2024/17164348277541716434827548.jpg,https://bijnis.app.link/mb2AV0DaBKb,266.39,253 - 280," 40, 42,38","20 Jun, 2024 18:05:13",1
Production,shirts,2575558,Cotton Slim Fit 1296,MAHAVEER CREATION,Navy Blue,https://bijnis.s3.ap-south-1.amazonaws.com/production/uploads/1490487986/23-05-2024/17164536994811716453699406.jpg,https://bijnis.app.link/EmzmUfEaBKb,291.17,277 - 306," 40, 42,38","20 Jun, 2024 18:05:13",1
Production,shirts,2575559,Cotton Slim Fit 1296,MAHAVEER CREATION,Grey,https://bijnis.s3.ap-south-1.amazonaws.com/production/uploads/1490487986/23-05-2024/17164542193961716454219279.jpg,https://bijnis.app.link/th2knbEaBKb,291.17,277 - 306," 40, 42,38","20 Jun, 2024 18:05:13",1
Production,shirts,2575560,Cotton Slim Fit 1297,MAHAVEER CREATION,Light Pink,https://bijnis.s3.ap-south-1.amazonaws.com/production/uploads/1490487986/23-05-2024/17164530295701716453029412.jpg,https://bijnis.app.link/cMHTI4DaBKb,291.17,277 - 306," 40, 42,38","20 Jun, 2024 18:05:13",1
Production,shirts,2575561,Cotton Slim Fit 1297,MAHAVEER CREATION,Sky Blue,https://bijnis.s3.ap-south-1.amazonaws.com/production/uploads/1490487986/23-05-2024/17164531107551716453110583.jpg,https://bijnis.app.link/IW05xQDaBKb,291.17,277 - 306," 40, 42,38","20 Jun, 2024 18:05:13",1
Production,synthetic handmade loafer shoes,2570552,Loafers 452,M/S MOON INTERNATIONAL,Black,https://bijnis.s3.ap-south-1.amazonaws.com/production/uploads/1490486639/17-06-2024/1718603775676379e195c444943feb38b9f5445a7b0e0.jpg,https://bijnis.app.link/jOg8TFDaBKb,295.99,281 - 311," 10, 6, 7, 8, 9,5,6,7","20 Jun, 2024 12:01:22",1
Production,synthetic handmade loafer shoes,2570553,Loafers 452,M/S MOON INTERNATIONAL,Brown,https://bijnis.s3.ap-south-1.amazonaws.com/production/uploads/1490486639/17-06-2024/1718603963200f6f5e6dcb4ef4aa6ab08d297dede3ed1.jpg,https://bijnis.app.link/IQBLZWDaBKb,295.99,281 - 311," 10, 6, 7, 8, 9,5,6,7","20 Jun, 2024 12:01:22",1
Production,synthetic handmade loafer shoes,2570555,Loafers 453,M/S MOON INTERNATIONAL,Black,https://bijnis.s3.ap-south-1.amazonaws.com/production/uploads/1490486639/17-06-2024/1718604704851035b98a3ff9b4c83900fd10f57a53db0.jpg,https://bijnis.app.link/zPzGwxDaBKb,295.99,281 - 311," 10, 6, 7, 8, 9,5,6,7","20 Jun, 2024 12:01:22",1
Production,synthetic handmade loafer shoes,2570556,Loafers 453,M/S MOON INTERNATIONAL,Brown,https://bijnis.s3.ap-south-1.amazonaws.com/production/uploads/1490486639/17-06-2024/171860461121845d8af400c924ce3866d695218970c9e.jpg,https://bijnis.app.link/tXtkMsDaBKb,295.99,281 - 311," 10, 6, 7, 8, 9,5,6,7","20 Jun, 2024 12:01:22",1
Production,synthetic handmade loafer shoes,2570558,Loafers 454,M/S MOON INTERNATIONAL,Black,https://bijnis.s3.ap-south-1.amazonaws.com/production/uploads/1490486639/17-06-2024/1718604804516fa0d358f39de43878dc8c4ef5cf89664.jpg,https://bijnis.app.link/kwwP9JDaBKb,295.99,281 - 311," 10, 6, 7, 8, 9,5,6,7","20 Jun, 2024 12:01:22",1
Production,synthetic handmade loafer shoes,2570559,Loafers 454,M/S MOON INTERNATIONAL,Brown,https://bijnis.s3.ap-south-1.amazonaws.com/production/uploads/1490486639/17-06-2024/17186049072198bcef0842f5349f9913b9058049bc0e5.jpg,https://bijnis.app.link/HWUj4KDaBKb,295.99,281 - 311," 10, 6, 7, 8, 9,5,6,7","20 Jun, 2024 12:01:22",1
Production,synthetic handmade loafer shoes,2570560,Loafers 455,M/S MOON INTERNATIONAL,Black,https://bijnis.s3.ap-south-1.amazonaws.com/production/uploads/1490486639/17-06-2024/1718605089772719425a17545401fa64b59f9756c8c5d.jpg,https://bijnis.app.link/DYvSMEDaBKb,295.99,281 - 311," 10, 6, 7, 8, 9,5,6,7","20 Jun, 2024 12:01:22",1
Production,synthetic handmade loafer shoes,2570561,Loafers 455,M/S MOON INTERNATIONAL,Brown,https://bijnis.s3.ap-south-1.amazonaws.com/production/uploads/1490486639/17-06-2024/17186053027940c10a18f014b4a5ab302adf338538873.jpg,https://bijnis.app.link/malCeIDaBKb,295.99,281 - 311," 10, 6, 7, 8, 9,5,6,7","20 Jun, 2024 15:01:11",1
Production,synthetic handmade loafer shoes,2570564,Loafers 456,M/S MOON INTERNATIONAL,Brown,https://bijnis.s3.ap-south-1.amazonaws.com/production/uploads/1490486639/17-06-2024/17186055313045d4c604ade5749a6982e63adea61e839.jpg,https://bijnis.app.link/2O60aMDaBKb,295.99,281 - 311," 10, 6, 7, 8, 9,5,6,7","20 Jun, 2024 15:01:11",1
Production,synthetic handmade loafer shoes,2570566,Loafers 457,M/S MOON INTERNATIONAL,Black,https://bijnis.s3.ap-south-1.amazonaws.com/production/uploads/1490486639/17-06-2024/17186061347066c0992bf37cb4e3c886bc34bfe413d3b.jpg,https://bijnis.app.link/v00vzQDaBKb,295.99,281 - 311," 10, 6, 7, 8, 9,5,6,7","20 Jun, 2024 15:01:11",1
Production,synthetic handmade loafer shoes,2570567,Loafers 457,M/S MOON INTERNATIONAL,Brown,https://bijnis.s3.ap-south-1.amazonaws.com/production/uploads/1490486639/17-06-2024/1718606269133b11f0e9b6891473baea186896dd895ff.jpg,https://bijnis.app.link/NCBVKGDaBKb,295.99,281 - 311," 10, 6, 7, 8, 9,5,6,7","20 Jun, 2024 15:01:11",1
Production,synthetic handmade loafer shoes,2570568,Loafers 458,M/S MOON INTERNATIONAL,Black,https://bijnis.s3.ap-south-1.amazonaws.com/production/uploads/1490486639/17-06-2024/17186058958334641197418ae4f2e9f46504d7879cfd0.jpg,https://bijnis.app.link/flunkMDaBKb,295.99,281 - 311," 10, 6, 7, 8, 9,5,6,7","20 Jun, 2024 15:01:11",1
Production,synthetic handmade loafer shoes,2570569,Loafers 458,M/S MOON INTERNATIONAL,Brown,https://bijnis.s3.ap-south-1.amazonaws.com/production/uploads/1490486639/17-06-2024/17186059911387bc2870ef844412396eb544a36b4863f.jpg,https://bijnis.app.link/SuugDGDaBKb,295.99,281 - 311," 10, 6, 7, 8, 9,5,6,7","20 Jun, 2024 15:01:11",1
Production,synthetic handmade loafer shoes,2570571,Loafers 459,M/S MOON INTERNATIONAL,Black,https://bijnis.s3.ap-south-1.amazonaws.com/production/uploads/1490486639/17-06-2024/1718606375710430064f6a9644baa9f98331fc4d83151.jpg,https://bijnis.app.link/1OqahIDaBKb,295.99,281 - 311," 10, 6, 7, 8, 9,5,6,7","20 Jun, 2024 15:01:11",1
Production,t-shirts,2580634,Cotton Lycra Drop Shoulder 1461,"Himalaya Exports ",Black,https://bijnis.s3.ap-south-1.amazonaws.com/production/uploads/smApp/14-06-2024/1718343526217adddabb04a7f4e80bb48c788828852be.jpg,https://bijnis.app.link/EhmsOoEaBKb,257.00,244 - 270," L, XL, XXL,M","20 Jun, 2024 12:01:37",1
Production,t-shirts,2580635,Cotton Lycra Drop Shoulder 1461,"Himalaya Exports ",Sky Blue,https://bijnis.s3.ap-south-1.amazonaws.com/production/uploads/1490487986/14-06-2024/1718362671875fc4012835f7b41b19eed9068dd1120b3.jpg,https://bijnis.app.link/ZKathmEaBKb,257.00,244 - 270," L, XL, XXL,M","20 Jun, 2024 12:01:37",1
Production,t-shirts,2580636,Cotton Lycra Drop Shoulder 1461,"Himalaya Exports ",White,https://bijnis.s3.ap-south-1.amazonaws.com/production/uploads/1490487986/14-06-2024/17183626213187e9c285bf56248eea86b27c418d65719.jpg,https://bijnis.app.link/qF2copEaBKb,257.00,244 - 270," L, XL, XXL,M","20 Jun, 2024 12:01:37",1
Production,t-shirts,2580637,Cotton Lycra Drop Shoulder 1461,"Himalaya Exports ",Green,https://bijnis.s3.ap-south-1.amazonaws.com/production/uploads/1490487986/14-06-2024/1718362380726b8b3d5c0a5e34e999cccd7edc503455e.jpg,https://bijnis.app.link/WoxeqkEaBKb,257.00,244 - 270," L, XL, XXL,M","20 Jun, 2024 12:01:37",1
Production,t-shirts,2580638,Cotton Lycra Drop Shoulder 1461,"Himalaya Exports ",Rust,https://bijnis.s3.ap-south-1.amazonaws.com/production/uploads/1490487986/14-06-2024/1718362589764f4c10510e1fa47d6896c30eb1a71c09b.jpg,https://bijnis.app.link/6bRS6hEaBKb,257.00,244 - 270," L, XL, XXL,M","20 Jun, 2024 12:01:37",1
Production,t-shirts,2580639,Cotton Lycra Drop Shoulder 1461,"Himalaya Exports ",Camel,https://bijnis.s3.ap-south-1.amazonaws.com/production/uploads/1490487986/14-06-2024/1718362409210606baa6d32b94a4fabde3ef779e53554.jpg,https://bijnis.app.link/wSAFivEaBKb,257.00,244 - 270," L, XL, XXL,M","20 Jun, 2024 12:01:37",1
Production,t-shirts,2580641,Cotton Lycra Drop Shoulder 1462,"Himalaya Exports ",Black,https://bijnis.s3.ap-south-1.amazonaws.com/production/uploads/1490487986/14-06-2024/1718363623944dacca142eea14723b5170d42678ffd43.jpg,https://bijnis.app.link/Ax0oCpEaBKb,257.00,244 - 270," L, XL, XXL,M","20 Jun, 2024 12:01:37",1
Production,t-shirts,2580642,Cotton Lycra Drop Shoulder 1462,"Himalaya Exports ",Sky Blue,https://bijnis.s3.ap-south-1.amazonaws.com/production/uploads/smApp/14-06-2024/17183435097213370e3b1e4e149789777ddff8de7fe32.jpg,https://bijnis.app.link/iIjnQfEaBKb,257.00,244 - 270," L, XL, XXL,M","20 Jun, 2024 12:01:37",1
Production,t-shirts,2580643,Cotton Lycra Drop Shoulder 1462,"Himalaya Exports ",White,https://bijnis.s3.ap-south-1.amazonaws.com/production/uploads/1490487986/14-06-2024/1718363772940d461432536ab4c71a38682562b468e1e.jpg,https://bijnis.app.link/3vEejvEaBKb,257.00,244 - 270," L, XL, XXL,M","20 Jun, 2024 12:01:37",1
Production,t-shirts,2580644,Cotton Lycra Drop Shoulder 1462,"Himalaya Exports ",Green,https://bijnis.s3.ap-south-1.amazonaws.com/production/uploads/1490487986/14-06-2024/1718363827290222f813557674917b562bd96d7b1d6d5.jpg,https://bijnis.app.link/KHcdHBEaBKb,257.00,244 - 270," L, XL, XXL,M","20 Jun, 2024 12:01:37",1
Production,t-shirts,2580645,Cotton Lycra Drop Shoulder 1462,"Himalaya Exports ",Rust,https://bijnis.s3.ap-south-1.amazonaws.com/production/uploads/1490487986/14-06-2024/1718363876939f70f4bd7bab64968a6e29369c5e5cc61.jpg,https://bijnis.app.link/fRb3AFEaBKb,257.00,244 - 270," L, XL, XXL,M","20 Jun, 2024 12:01:37",1
Production,t-shirts,2580646,Cotton Lycra Drop Shoulder 1462,"Himalaya Exports ",Camel,https://bijnis.s3.ap-south-1.amazonaws.com/production/uploads/smApp/14-06-2024/17183435097201e6bb0314c4f4b73a46f48c46e8ebf61.jpg,https://bijnis.app.link/gMTgSuEaBKb,257.00,244 - 270," L, XL, XXL,M","20 Jun, 2024 12:01:37",1
Production,t-shirts,2580652,Cotton Lycra Drop Shoulder 1463,"Himalaya Exports ",Black,https://bijnis.s3.ap-south-1.amazonaws.com/production/uploads/smApp/14-06-2024/1718343396065d4be0cc91ddf4c83881022cd9cd6c413.jpg,https://bijnis.app.link/n4EvXAEaBKb,257.00,244 - 270," L, XL, XXL,M","20 Jun, 2024 12:01:37",1
Production,t-shirts,2580653,Cotton Lycra Drop Shoulder 1463,"Himalaya Exports ",Sky Blue,https://bijnis.s3.ap-south-1.amazonaws.com/production/uploads/1490487986/14-06-2024/1718364070575ea5bdb71848f4b99aa30355f4993ec5f.jpg,https://bijnis.app.link/uDRj9BEaBKb,257.00,244 - 270," L, XL, XXL,M","20 Jun, 2024 12:01:37",1
Production,t-shirts,2580654,Cotton Lycra Drop Shoulder 1463,"Himalaya Exports ",White,https://bijnis.s3.ap-south-1.amazonaws.com/production/uploads/1490487986/14-06-2024/17183642090255996ae92c4804ffa85cfd49c6ea2b70f.jpg,https://bijnis.app.link/wYiGcHEaBKb,257.00,244 - 270," L, XL, XXL,M","20 Jun, 2024 12:01:37",1
Production,t-shirts,2580656,Cotton Lycra Drop Shoulder 1463,"Himalaya Exports ",Rust,https://bijnis.s3.ap-south-1.amazonaws.com/production/uploads/smApp/14-06-2024/1718343396066d821fadb7bbe481abe987e8383b73425.jpg,https://bijnis.app.link/siCfHwEaBKb,257.00,244 - 270," L, XL, XXL,M","20 Jun, 2024 12:01:37",1
Production,t-shirts,2580657,Cotton Lycra Drop Shoulder 1463,"Himalaya Exports ",Camel,https://bijnis.s3.ap-south-1.amazonaws.com/production/uploads/smApp/14-06-2024/17183433960663464249fb86b4aaba688d63e2b883f7e.jpg,https://bijnis.app.link/TzndTFEaBKb,257.00,244 - 270," L, XL, XXL,M","20 Jun, 2024 12:01:37",1
Production,t-shirts,2580664,Cotton Lycra Drop Shoulder 1464,"Himalaya Exports ",Black,https://bijnis.s3.ap-south-1.amazonaws.com/production/uploads/smApp/14-06-2024/17183439600822a6de8b379124960823112f3386bf4b8.jpg,https://bijnis.app.link/e7GncTEaBKb,257.00,244 - 270," L, XL, XXL,M","20 Jun, 2024 12:01:37",1
Production,t-shirts,2580665,Cotton Lycra Drop Shoulder 1464,"Himalaya Exports ",Sky Blue,https://bijnis.s3.ap-south-1.amazonaws.com/production/uploads/smApp/14-06-2024/171834396008577459c207f07424d8f877c202f0cffde.jpg,https://bijnis.app.link/nvR880EaBKb,257.00,244 - 270," L, XL, XXL,M","20 Jun, 2024 12:01:37",1
Production,t-shirts,2580666,Cotton Lycra Drop Shoulder 1464,"Himalaya Exports ",White,https://bijnis.s3.ap-south-1.amazonaws.com/production/uploads/smApp/14-06-2024/1718343960085731516f3cc4e494f9024ed0a5dbd6b27.jpg,https://bijnis.app.link/OD88bCEaBKb,257.00,244 - 270," L, XL, XXL,M","20 Jun, 2024 12:01:37",1
Production,t-shirts,2580667,Cotton Lycra Drop Shoulder 1464,"Himalaya Exports ",Green,https://bijnis.s3.ap-south-1.amazonaws.com/production/uploads/1490487986/15-06-2024/1718438310477f31560cd25a243349236bd3645cd294a.jpg,https://bijnis.app.link/MeKtMCEaBKb,257.00,244 - 270," L, XL, XXL,M","20 Jun, 2024 12:01:37",1
Production,t-shirts,2580668,Cotton Lycra Drop Shoulder 1464,"Himalaya Exports ",Rust,https://bijnis.s3.ap-south-1.amazonaws.com/production/uploads/smApp/14-06-2024/1718343960084c40d8efea0e745c8b8c8ae8603bb8bff.jpg,https://bijnis.app.link/5IupmEEaBKb,257.00,244 - 270," L, XL, XXL,M","20 Jun, 2024 12:01:37",1
Production,t-shirts,2580669,Cotton Lycra Drop Shoulder 1464,"Himalaya Exports ",Camel,https://bijnis.s3.ap-south-1.amazonaws.com/production/uploads/1490487986/15-06-2024/17184384337746ac07d413d5d4332aab2897c14f174f8.jpg,https://bijnis.app.link/crhmGBEaBKb,257.00,244 - 270," L, XL, XXL,M","20 Jun, 2024 12:01:37",1
Production,t-shirts,2580672,Cotton Lycra Drop Shoulder 1465,"Himalaya Exports ",Black,https://bijnis.s3.ap-south-1.amazonaws.com/production/uploads/1490487986/14-06-2024/1718362989868d7cd747882854016aad83f6b498d57c8.jpg,https://bijnis.app.link/96vVbSEaBKb,257.00,244 - 270," L, XL, XXL,M","20 Jun, 2024 12:01:37",1
Production,t-shirts,2580674,Cotton Lycra Drop Shoulder 1465,"Himalaya Exports ",White,https://bijnis.s3.ap-south-1.amazonaws.com/production/uploads/smApp/14-06-2024/1718343594013d3bf8a2f5bd54e1aba6b2c420278bcc5.jpg,https://bijnis.app.link/keYumIEaBKb,257.00,244 - 270," L, XL, XXL,M","20 Jun, 2024 12:01:37",1
Production,t-shirts,2580675,Cotton Lycra Drop Shoulder 1465,"Himalaya Exports ",Green,https://bijnis.s3.ap-south-1.amazonaws.com/production/uploads/1490487986/14-06-2024/17183631103525b1a34406f574c3fb84d9cf94a459212.jpg,https://bijnis.app.link/MhiRzwEaBKb,257.00,244 - 270," L, XL, XXL,M","20 Jun, 2024 12:01:37",1
Production,t-shirts,2580676,Cotton Lycra Drop Shoulder 1465,"Himalaya Exports ",Rust,https://bijnis.s3.ap-south-1.amazonaws.com/production/uploads/smApp/14-06-2024/1718343594012ec9bfaeb71a045d581ca68e6e9ad9a26.jpg,https://bijnis.app.link/1F5xSuEaBKb,257.00,244 - 270," L, XL, XXL,M","20 Jun, 2024 12:01:37",1
Production,t-shirts,2580677,Cotton Lycra Drop Shoulder 1465,"Himalaya Exports ",Camel,https://bijnis.s3.ap-south-1.amazonaws.com/production/uploads/smApp/14-06-2024/17183435940125f5ea0144bb74d8b84e77ac9a0d57b65.jpg,https://bijnis.app.link/CAnohIEaBKb,257.00,244 - 270," L, XL, XXL,M","20 Jun, 2024 12:01:37",1
Production,t-shirts,2583002,Cotton Lycra Drop Shoulder 1546,"Himalaya Exports ",Black,https://bijnis.s3.ap-south-1.amazonaws.com/production/uploads/1490487986/18-06-2024/17187000282315bba52d56201409fb5dbed238b1e1374.jpg,https://bijnis.app.link/ANhD6CEaBKb,257.00,244 - 270," L, XL, XXL,M","20 Jun, 2024 18:01:12",1
Production,t-shirts,2583003,Cotton Lycra Drop Shoulder 1546,"Himalaya Exports ",Sky Blue,https://bijnis.s3.ap-south-1.amazonaws.com/production/uploads/1490487986/18-06-2024/1718699343908b58c963ec45d4f9c954dd0a2fa04cac0.jpg,https://bijnis.app.link/t9V92MEaBKb,257.00,244 - 270," L, XL, XXL,M","20 Jun, 2024 18:01:12",1
Production,t-shirts,2583004,Cotton Lycra Drop Shoulder 1546,"Himalaya Exports ",White,https://bijnis.s3.ap-south-1.amazonaws.com/production/uploads/1490487986/18-06-2024/17186993976850b5bea92d5954d51adfbfc41013601c3.jpg,https://bijnis.app.link/ryAEMaFaBKb,257.00,244 - 270," L, XL, XXL,M","20 Jun, 2024 18:01:12",1
Production,t-shirts,2583005,Cotton Lycra Drop Shoulder 1546,"Himalaya Exports ",Green,https://bijnis.s3.ap-south-1.amazonaws.com/production/uploads/1490486917/15-06-2024/1718428094556d3c99b0a2fcd43e9b82a748b73d9342d.jpg,https://bijnis.app.link/5Ib9GSEaBKb,257.00,244 - 270," L, XL, XXL,M","20 Jun, 2024 18:01:12",1
Production,t-shirts,2583006,Cotton Lycra Drop Shoulder 1546,"Himalaya Exports ",Rust,https://bijnis.s3.ap-south-1.amazonaws.com/production/uploads/1490487986/18-06-2024/1718699932847e526d674f39c4065acd514fba35ee608.jpg,https://bijnis.app.link/zJT2iGEaBKb,257.00,244 - 270," L, XL, XXL,M","20 Jun, 2024 18:01:12",1
Production,t-shirts,2583007,Cotton Lycra Drop Shoulder 1546,"Himalaya Exports ",Camel,https://bijnis.s3.ap-south-1.amazonaws.com/production/uploads/1490487986/18-06-2024/1718700089808bee963c4a6804435b22f319cf6cfe982.jpg,https://bijnis.app.link/alTObTEaBKb,257.00,244 - 270," L, XL, XXL,M","20 Jun, 2024 18:01:12",1
Production,t-shirts,2583074,Cotton Round Neck 1557,UMARANI GARMENTS,"Multicolor-12,",https://bijnis.s3.ap-south-1.amazonaws.com/production/uploads/1490487986/19-06-2024/1718792606115f18e4665ae8e48a186be0e826185458e.jpg,https://bijnis.app.link/tPdeaSEaBKb,154.20,146 - 162,"L,M,XL,XXL","20 Jun, 2024 18:01:50",1
Production,t-shirts,2583088,Cotton Lycra Drop Shoulder 1563,"Himalaya Exports ",Black,https://bijnis.s3.ap-south-1.amazonaws.com/production/uploads/1490486917/15-06-2024/17184282812550774c3f482704a1a82151b779489ac96.jpg,https://bijnis.app.link/vlyaMOEaBKb,257.00,244 - 270," L, XL, XXL,M","20 Jun, 2024 18:01:12",1
Production,t-shirts,2583089,Cotton Lycra Drop Shoulder 1563,"Himalaya Exports ",Sky Blue,https://bijnis.s3.ap-south-1.amazonaws.com/production/uploads/1490486917/15-06-2024/171842828125509e7042f259b4bbd862f6b2915ec8a9b.jpg,https://bijnis.app.link/2DTEcTEaBKb,257.00,244 - 270," L, XL, XXL,M","20 Jun, 2024 18:01:12",1
Production,t-shirts,2583090,Cotton Lycra Drop Shoulder 1563,"Himalaya Exports ",White,https://bijnis.s3.ap-south-1.amazonaws.com/production/uploads/1490486917/15-06-2024/17184282812529190c0f5b86944abb4c0baf1185fdc13.jpg,https://bijnis.app.link/YdUNiIEaBKb,257.00,244 - 270," L, XL, XXL,M","20 Jun, 2024 18:01:12",1
Production,t-shirts,2583091,Cotton Lycra Drop Shoulder 1563,"Himalaya Exports ",Green,https://bijnis.s3.ap-south-1.amazonaws.com/production/uploads/1490487986/18-06-2024/17186989459104a8fac3e48ae4fbeb9b45b36ee791bb8.jpg,https://bijnis.app.link/STFzB3EaBKb,257.00,244 - 270," L, XL, XXL,M","20 Jun, 2024 18:01:12",1
Production,t-shirts,2583092,Cotton Lycra Drop Shoulder 1563,"Himalaya Exports ",Rust,https://bijnis.s3.ap-south-1.amazonaws.com/production/uploads/1490487986/18-06-2024/17187048715596b452e3cca2746828ba07c7ee0aed92b.jpg,https://bijnis.app.link/uMvhLcFaBKb,257.00,244 - 270," L, XL, XXL,M","20 Jun, 2024 18:01:12",1
Production,t-shirts,2583093,Cotton Lycra Drop Shoulder 1563,"Himalaya Exports ",Camel,https://bijnis.s3.ap-south-1.amazonaws.com/production/uploads/1490486917/15-06-2024/1718428281256f2d04b01a0004d91b71ec2f8d4d631d3.jpg,https://bijnis.app.link/lQSsXYEaBKb,257.00,244 - 270," L, XL, XXL,M","20 Jun, 2024 18:01:12",1
Production,t-shirts,2583099,Cotton Lycra Drop Shoulder 1564,"Himalaya Exports ",Black,https://bijnis.s3.ap-south-1.amazonaws.com/production/uploads/1490487986/18-06-2024/1718698250997920c65c8761e431c90d26e68c4c484a3.jpg,https://bijnis.app.link/VeWV5WEaBKb,257.00,244 - 270," L, XL, XXL,M","20 Jun, 2024 18:01:12",1
Production,t-shirts,2583100,Cotton Lycra Drop Shoulder 1564,"Himalaya Exports ",Sky Blue,https://bijnis.s3.ap-south-1.amazonaws.com/production/uploads/1490486917/15-06-2024/1718428354367f3aa76bb73de43679bb1957b3e242bd0.jpg,https://bijnis.app.link/EQzO08EaBKb,257.00,244 - 270," L, XL, XXL,M","20 Jun, 2024 18:01:12",1
Production,t-shirts,2583101,Cotton Lycra Drop Shoulder 1564,"Himalaya Exports ",White,https://bijnis.s3.ap-south-1.amazonaws.com/production/uploads/1490486917/15-06-2024/1718428354363f5a846bcd43d4edcbd5437d63b477ba7.jpg,https://bijnis.app.link/5NsPxNEaBKb,257.00,244 - 270," L, XL, XXL,M","20 Jun, 2024 18:01:12",1
Production,t-shirts,2583102,Cotton Lycra Drop Shoulder 1564,"Himalaya Exports ",Green,https://bijnis.s3.ap-south-1.amazonaws.com/production/uploads/1490487986/18-06-2024/1718698107755df17c94aecd944d3bc80a1b5bc0761e8.jpg,https://bijnis.app.link/XRafbTEaBKb,257.00,244 - 270," L, XL, XXL,M","20 Jun, 2024 18:01:12",1
Production,t-shirts,2583103,Cotton Lycra Drop Shoulder 1564,"Himalaya Exports ",Rust,https://bijnis.s3.ap-south-1.amazonaws.com/production/uploads/1490487986/18-06-2024/1718698055644223ef7c7b3164a2ca08f715f3d1b50e4.jpg,https://bijnis.app.link/MAqkWYEaBKb,257.00,244 - 270," L, XL, XXL,M","20 Jun, 2024 18:01:12",1
Production,t-shirts,2583104,Cotton Lycra Drop Shoulder 1564,"Himalaya Exports ",Camel,https://bijnis.s3.ap-south-1.amazonaws.com/production/uploads/1490486917/15-06-2024/1718428354366adec1bf39c6141fea45d19d9022f0da4.jpg,https://bijnis.app.link/UCNMzZEaBKb,257.00,244 - 270," L, XL, XXL,M","20 Jun, 2024 18:01:12",1
